timestamp,purity,quantityTonnes,distanceKm,demandIndex,supplyIndex,auctionAveragePrice,intendedUse,pricePerTonne,provenance
2025-01-01 02:00:00,67.34,800,128.6,25.0,48.3,2469.45,SYNFUEL,2179.47,SYNTHETIC TRAINING DATA — NOT REAL MARKET DATA
2025-01-01 23:00:00,91.17,100,47.7,27.1,24.7,2546.57,SYNFUEL,2719.84,SYNTHETIC TRAINING DATA — NOT REAL MARKET DATA
2025-01-02 16:00:00,72.33,100,284.8,94.9,45.4,2542.54,FOOD_BEVERAGE,2614.29,SYNTHETIC TRAINING DATA — NOT REAL MARKET DATA
2025-01-03 09:00:00,96.34,150,332.2,44.5,57.9,2399.46,CONSTRUCTION,2901.13,SYNTHETIC TRAINING DATA — NOT REAL MARKET DATA
2025-01-04 00:00:00,72.16,100,34.6,76.1,32.1,2389.32,SYNFUEL,2471.64,SYNTHETIC TRAINING DATA — NOT REAL MARKET DATA
2025-01-04 18:00:00,71.66,50,334.7,80.5,69.4,2263.97,CONSTRUCTION,2451.0,SYNTHETIC TRAINING DATA — NOT REAL MARKET DATA
2025-01-05 12:00:00,66.28,150,187.7,84.4,94.8,2420.08,CHEMICAL_FEEDSTOCK,2336.91,SYNTHETIC TRAINING DATA — NOT REAL MARKET DATA
2025-01-06 11:00:00,81.48,50,111.9,94.8,53.9,2259.7,CHEMICAL_FEEDSTOCK,2484.99,SYNTHETIC TRAINING DATA — NOT REAL MARKET DATA
2025-01-07 03:00:00,84.71,150,36.1,38.1,46.6,2659.96,FOOD_BEVERAGE,2547.63,SYNTHETIC TRAINING DATA — NOT REAL MARKET DATA
2025-01-07 22:00:00,67.29,200,180.2,23.0,50.1,2779.76,FOOD_BEVERAGE,2315.19,SYNTHETIC TRAINING DATA — NOT REAL MARKET DATA
2025-01-08 12:00:00,92.07,50,280.1,50.8,28.6,2782.04,CHEMICAL_FEEDSTOCK,2932.97,SYNTHETIC TRAINING DATA — NOT REAL MARKET DATA
2025-01-09 11:00:00,80.82,25,250.4,29.8,86.2,2719.04,GREENHOUSE,2475.74,SYNTHETIC TRAINING DATA — NOT REAL MARKET DATA
2025-01-10 04:00:00,83.3,200,27.1,21.7,51.1,2560.48,CHEMICAL_FEEDSTOCK,2385.48,SYNTHETIC TRAINING DATA — NOT REAL MARKET DATA
2025-01-10 19:00:00,80.38,100,34.8,47.0,49.0,2620.52,FOOD_BEVERAGE,2397.67,SYNTHETIC TRAINING DATA — NOT REAL MARKET DATA
2025-01-11 13:00:00,78.99,25,147.0,78.8,69.5,2371.12,CONSTRUCTION,2395.6,SYNTHETIC TRAINING DATA — NOT REAL MARKET DATA
2025-01-12 07:00:00,84.53,800,110.4,62.5,53.2,2578.46,GREENHOUSE,2358.39,SYNTHETIC TRAINING DATA — NOT REAL MARKET DATA
2025-01-13 01:00:00,70.42,25,89.0,43.5,68.6,2473.39,GREENHOUSE,2338.33,SYNTHETIC TRAINING DATA — NOT REAL MARKET DATA
2025-01-13 21:00:00,71.35,200,105.5,69.1,24.6,2489.21,SYNFUEL,2423.41,SYNTHETIC TRAINING DATA — NOT REAL MARKET DATA
2025-01-14 14:00:00,95.08,800,283.2,37.4,81.0,2654.67,GREENHOUSE,2652.87,SYNTHETIC TRAINING DATA — NOT REAL MARKET DATA
2025-01-15 07:00:00,98.02,50,325.9,21.1,90.5,2369.15,FOOD_BEVERAGE,2995.7,SYNTHETIC TRAINING DATA — NOT REAL MARKET DATA
2025-01-16 03:00:00,78.03,50,147.7,77.3,68.7,2390.82,FOOD_BEVERAGE,2465.08,SYNTHETIC TRAINING DATA — NOT REAL MARKET DATA
2025-01-16 18:00:00,74.45,50,318.1,66.8,91.6,2754.79,SYNFUEL,2534.9,SYNTHETIC TRAINING DATA — NOT REAL MARKET DATA
2025-01-17 13:00:00,87.48,100,119.3,77.2,31.4,2233.73,FOOD_BEVERAGE,2738.81,SYNTHETIC TRAINING DATA — NOT REAL MARKET DATA
2025-01-18 08:00:00,79.26,50,172.0,22.9,55.8,2491.38,GREENHOUSE,2357.07,SYNTHETIC TRAINING DATA — NOT REAL MARKET DATA
2025-01-19 02:00:00,65.89,200,86.8,82.8,65.1,2747.68,CHEMICAL_FEEDSTOCK,2314.69,SYNTHETIC TRAINING DATA — NOT REAL MARKET DATA
2025-01-19 22:00:00,70.45,25,227.8,66.5,63.6,2566.22,OTHER,2424.66,SYNTHETIC TRAINING DATA — NOT REAL MARKET DATA
2025-01-20 13:00:00,89.99,150,342.9,62.3,50.1,2527.84,SYNFUEL,2786.83,SYNTHETIC TRAINING DATA — NOT REAL MARKET DATA
2025-01-21 09:00:00,88.0,800,215.2,66.8,45.4,2349.85,SYNFUEL,2595.22,SYNTHETIC TRAINING DATA — NOT REAL MARKET DATA
2025-01-22 03:00:00,65.95,300,131.7,84.8,29.5,2405.97,CONSTRUCTION,2298.6,SYNTHETIC TRAINING DATA — NOT REAL MARKET DATA
2025-01-22 18:00:00,72.75,150,230.3,64.0,49.4,2711.23,CONSTRUCTION,2531.57,SYNTHETIC TRAINING DATA — NOT REAL MARKET DATA
2025-01-23 15:00:00,73.06,100,51.8,63.6,32.2,2535.53,CONSTRUCTION,2413.63,SYNTHETIC TRAINING DATA — NOT REAL MARKET DATA
2025-01-24 07:00:00,88.45,150,312.1,94.3,75.1,2508.85,SYNFUEL,2844.17,SYNTHETIC TRAINING DATA — NOT REAL MARKET DATA
2025-01-25 00:00:00,65.69,150,181.0,76.8,35.7,2259.75,OTHER,2409.73,SYNTHETIC TRAINING DATA — NOT REAL MARKET DATA
2025-01-25 23:00:00,68.63,100,162.8,53.2,24.4,2209.62,SYNFUEL,2500.52,SYNTHETIC TRAINING DATA — NOT REAL MARKET DATA
2025-01-26 17:00:00,92.92,50,209.2,73.1,61.4,2778.21,SYNFUEL,2851.49,SYNTHETIC TRAINING DATA — NOT REAL MARKET DATA
2025-01-27 10:00:00,71.23,300,222.4,49.2,64.6,2426.19,SYNFUEL,2404.71,SYNTHETIC TRAINING DATA — NOT REAL MARKET DATA
2025-01-28 01:00:00,87.78,100,34.4,37.2,85.4,2561.93,CONSTRUCTION,2511.33,SYNTHETIC TRAINING DATA — NOT REAL MARKET DATA
2025-01-28 18:00:00,73.31,50,242.1,64.8,63.3,2247.83,GREENHOUSE,2430.68,SYNTHETIC TRAINING DATA — NOT REAL MARKET DATA
2025-01-29 16:00:00,68.47,100,92.3,89.6,45.9,2609.87,CONSTRUCTION,2442.19,SYNTHETIC TRAINING DATA — NOT REAL MARKET DATA
2025-01-30 08:00:00,73.49,100,252.7,89.7,80.2,2759.54,FOOD_BEVERAGE,2530.95,SYNTHETIC TRAINING DATA — NOT REAL MARKET DATA
2025-01-31 00:00:00,90.21,300,289.7,45.6,60.5,2545.4,SYNFUEL,2695.82,SYNTHETIC TRAINING DATA — NOT REAL MARKET DATA
2025-01-31 20:00:00,94.86,200,283.3,59.6,25.9,2275.67,CONSTRUCTION,2826.53,SYNTHETIC TRAINING DATA — NOT REAL MARKET DATA
2025-02-01 12:00:00,93.97,200,197.9,35.9,62.4,2549.03,CONSTRUCTION,2647.74,SYNTHETIC TRAINING DATA — NOT REAL MARKET DATA
2025-02-02 11:00:00,78.86,25,186.9,94.7,88.1,2659.81,CONSTRUCTION,2450.36,SYNTHETIC TRAINING DATA — NOT REAL MARKET DATA
2025-02-03 01:00:00,88.32,100,58.6,93.6,49.7,2443.85,SYNFUEL,2731.42,SYNTHETIC TRAINING DATA — NOT REAL MARKET DATA
2025-02-03 21:00:00,72.15,100,273.6,68.7,42.2,2727.9,CONSTRUCTION,2565.42,SYNTHETIC TRAINING DATA — NOT REAL MARKET DATA
2025-02-04 13:00:00,75.23,25,102.3,80.3,30.8,2589.21,CONSTRUCTION,2455.37,SYNTHETIC TRAINING DATA — NOT REAL MARKET DATA
2025-02-05 09:00:00,96.28,100,178.9,73.6,31.4,2739.55,FOOD_BEVERAGE,3033.4,SYNTHETIC TRAINING DATA — NOT REAL MARKET DATA
2025-02-06 03:00:00,65.45,200,106.7,64.5,52.5,2574.1,CONSTRUCTION,2203.83,SYNTHETIC TRAINING DATA — NOT REAL MARKET DATA
2025-02-06 19:00:00,67.98,50,55.5,24.0,64.7,2278.77,SYNFUEL,2327.71,SYNTHETIC TRAINING DATA — NOT REAL MARKET DATA
2025-02-07 17:00:00,72.26,150,224.0,54.1,26.0,2385.82,CONSTRUCTION,2481.05,SYNTHETIC TRAINING DATA — NOT REAL MARKET DATA
2025-02-08 10:00:00,65.93,50,28.5,70.6,90.5,2321.08,SYNFUEL,2325.58,SYNTHETIC TRAINING DATA — NOT REAL MARKET DATA
2025-02-09 05:00:00,71.33,25,264.5,70.8,76.6,2745.3,GREENHOUSE,2489.78,SYNTHETIC TRAINING DATA — NOT REAL MARKET DATA
2025-02-09 23:00:00,85.35,50,118.0,48.0,64.0,2656.24,CONSTRUCTION,2519.87,SYNTHETIC TRAINING DATA — NOT REAL MARKET DATA
2025-02-10 15:00:00,79.71,800,10.0,90.6,82.1,2605.84,SYNFUEL,2236.19,SYNTHETIC TRAINING DATA — NOT REAL MARKET DATA
2025-02-11 11:00:00,96.15,300,183.8,32.6,26.0,2380.58,OTHER,2844.8,SYNTHETIC TRAINING DATA — NOT REAL MARKET DATA
2025-02-12 00:00:00,93.53,800,25.9,57.5,55.8,2310.43,CONSTRUCTION,2519.41,SYNTHETIC TRAINING DATA — NOT REAL MARKET DATA
2025-02-12 19:00:00,76.93,100,103.9,71.8,67.3,2653.87,SYNFUEL,2437.04,SYNTHETIC TRAINING DATA — NOT REAL MARKET DATA
2025-02-13 12:00:00,74.05,50,250.4,72.3,82.1,2484.49,CONSTRUCTION,2454.52,SYNTHETIC TRAINING DATA — NOT REAL MARKET DATA
2025-02-14 07:00:00,78.25,150,31.3,68.6,78.8,2335.47,CHEMICAL_FEEDSTOCK,2359.59,SYNTHETIC TRAINING DATA — NOT REAL MARKET DATA
2025-02-15 02:00:00,85.6,100,295.4,40.6,40.8,2569.97,FOOD_BEVERAGE,2674.12,SYNTHETIC TRAINING DATA — NOT REAL MARKET DATA
2025-02-15 19:00:00,74.36,300,11.3,31.7,90.6,2224.2,FOOD_BEVERAGE,2255.7,SYNTHETIC TRAINING DATA — NOT REAL MARKET DATA
2025-02-16 16:00:00,86.78,25,93.9,67.7,29.3,2395.7,OTHER,2681.8,SYNTHETIC TRAINING DATA — NOT REAL MARKET DATA
2025-02-17 08:00:00,79.29,100,261.9,64.9,85.6,2481.13,CONSTRUCTION,2441.82,SYNTHETIC TRAINING DATA — NOT REAL MARKET DATA
2025-02-18 01:00:00,84.27,50,117.5,33.5,92.8,2288.78,CONSTRUCTION,2423.97,SYNTHETIC TRAINING DATA — NOT REAL MARKET DATA
2025-02-18 21:00:00,80.22,100,44.6,72.9,33.3,2790.79,FOOD_BEVERAGE,2499.09,SYNTHETIC TRAINING DATA — NOT REAL MARKET DATA
2025-02-19 12:00:00,75.28,200,132.5,54.1,74.2,2325.46,SYNFUEL,2340.25,SYNTHETIC TRAINING DATA — NOT REAL MARKET DATA
2025-02-20 10:00:00,98.1,100,101.9,70.1,23.0,2278.21,CONSTRUCTION,2943.8,SYNTHETIC TRAINING DATA — NOT REAL MARKET DATA
2025-02-21 00:00:00,91.65,100,296.5,82.8,50.4,2322.12,CONSTRUCTION,2842.15,SYNTHETIC TRAINING DATA — NOT REAL MARKET DATA
2025-02-21 23:00:00,69.89,100,116.5,32.7,58.7,2661.44,SYNFUEL,2406.45,SYNTHETIC TRAINING DATA — NOT REAL MARKET DATA
2025-02-22 16:00:00,95.31,100,278.2,21.4,63.5,2455.3,CHEMICAL_FEEDSTOCK,2872.33,SYNTHETIC TRAINING DATA — NOT REAL MARKET DATA
2025-02-23 07:00:00,82.01,200,313.2,78.4,90.2,2539.25,GREENHOUSE,2436.9,SYNTHETIC TRAINING DATA — NOT REAL MARKET DATA
2025-02-24 00:00:00,96.22,300,157.5,65.7,70.4,2212.61,GREENHOUSE,2762.87,SYNTHETIC TRAINING DATA — NOT REAL MARKET DATA
2025-02-24 22:00:00,92.91,800,319.4,72.5,56.1,2220.66,SYNFUEL,2751.87,SYNTHETIC TRAINING DATA — NOT REAL MARKET DATA
2025-02-25 16:00:00,79.84,200,138.3,82.9,80.7,2467.5,SYNFUEL,2375.31,SYNTHETIC TRAINING DATA — NOT REAL MARKET DATA
2025-02-26 10:00:00,65.78,100,337.8,80.2,91.3,2689.99,CHEMICAL_FEEDSTOCK,2407.45,SYNTHETIC TRAINING DATA — NOT REAL MARKET DATA
2025-02-27 04:00:00,74.38,200,40.4,92.1,21.7,2731.14,GREENHOUSE,2385.52,SYNTHETIC TRAINING DATA — NOT REAL MARKET DATA
2025-02-27 18:00:00,83.9,100,243.6,60.2,93.7,2252.02,SYNFUEL,2526.36,SYNTHETIC TRAINING DATA — NOT REAL MARKET DATA
2025-02-28 14:00:00,87.11,100,177.9,56.6,26.5,2523.02,FOOD_BEVERAGE,2741.26,SYNTHETIC TRAINING DATA — NOT REAL MARKET DATA
2025-03-01 06:00:00,74.0,300,141.8,50.1,81.1,2747.94,SYNFUEL,2339.38,SYNTHETIC TRAINING DATA — NOT REAL MARKET DATA
2025-03-02 05:00:00,69.86,25,225.1,31.5,41.0,2432.78,CONSTRUCTION,2433.35,SYNTHETIC TRAINING DATA — NOT REAL MARKET DATA
2025-03-02 21:00:00,94.14,500,249.3,62.9,29.9,2697.74,CHEMICAL_FEEDSTOCK,2763.68,SYNTHETIC TRAINING DATA — NOT REAL MARKET DATA
2025-03-03 13:00:00,99.36,100,11.5,40.8,53.0,2280.22,FOOD_BEVERAGE,2916.82,SYNTHETIC TRAINING DATA — NOT REAL MARKET DATA
2025-03-04 06:00:00,83.35,150,66.8,89.1,68.3,2761.24,SYNFUEL,2658.87,SYNTHETIC TRAINING DATA — NOT REAL MARKET DATA
2025-03-05 01:00:00,70.99,200,252.4,63.7,48.6,2650.85,CONSTRUCTION,2452.98,SYNTHETIC TRAINING DATA — NOT REAL MARKET DATA
2025-03-05 19:00:00,74.5,300,236.6,64.5,24.1,2764.8,SYNFUEL,2489.87,SYNTHETIC TRAINING DATA — NOT REAL MARKET DATA
2025-03-06 16:00:00,65.64,150,338.5,46.6,65.0,2605.97,FOOD_BEVERAGE,2425.35,SYNTHETIC TRAINING DATA — NOT REAL MARKET DATA
2025-03-07 09:00:00,96.91,150,268.8,23.9,87.7,2418.04,GREENHOUSE,2904.28,SYNTHETIC TRAINING DATA — NOT REAL MARKET DATA
2025-03-08 05:00:00,69.11,25,333.3,22.4,48.7,2762.91,SYNFUEL,2498.84,SYNTHETIC TRAINING DATA — NOT REAL MARKET DATA
2025-03-08 20:00:00,85.12,150,248.9,51.8,36.2,2365.34,GREENHOUSE,2656.35,SYNTHETIC TRAINING DATA — NOT REAL MARKET DATA
2025-03-09 12:00:00,74.56,50,111.3,26.3,53.2,2399.3,CONSTRUCTION,2341.09,SYNTHETIC TRAINING DATA — NOT REAL MARKET DATA
2025-03-10 10:00:00,84.34,200,45.8,65.5,23.6,2620.49,SYNFUEL,2568.71,SYNTHETIC TRAINING DATA — NOT REAL MARKET DATA
2025-03-11 04:00:00,87.73,150,275.8,86.1,81.5,2659.19,CHEMICAL_FEEDSTOCK,2700.36,SYNTHETIC TRAINING DATA — NOT REAL MARKET DATA
2025-03-11 21:00:00,93.96,200,229.0,86.2,82.0,2757.64,SYNFUEL,2815.83,SYNTHETIC TRAINING DATA — NOT REAL MARKET DATA
2025-03-12 16:00:00,72.2,25,26.4,69.4,64.1,2322.88,FOOD_BEVERAGE,2375.32,SYNTHETIC TRAINING DATA — NOT REAL MARKET DATA
2025-03-13 08:00:00,65.38,25,132.4,35.8,46.5,2678.8,FOOD_BEVERAGE,2377.44,SYNTHETIC TRAINING DATA — NOT REAL MARKET DATA
2025-03-14 03:00:00,69.78,200,335.3,84.7,80.0,2643.13,SYNFUEL,2433.82,SYNTHETIC TRAINING DATA — NOT REAL MARKET DATA
2025-03-14 20:00:00,96.41,25,180.1,86.5,61.6,2238.28,CONSTRUCTION,2945.78,SYNTHETIC TRAINING DATA — NOT REAL MARKET DATA
2025-03-15 12:00:00,95.5,25,157.1,34.7,81.9,2432.33,FOOD_BEVERAGE,2874.36,SYNTHETIC TRAINING DATA — NOT REAL MARKET DATA
2025-03-16 06:00:00,85.85,25,165.6,75.3,67.4,2369.66,GREENHOUSE,2574.05,SYNTHETIC TRAINING DATA — NOT REAL MARKET DATA
2025-03-17 00:00:00,85.96,800,81.0,41.5,78.8,2382.69,CONSTRUCTION,2262.83,SYNTHETIC TRAINING DATA — NOT REAL MARKET DATA
2025-03-17 21:00:00,88.21,200,135.4,80.2,64.9,2789.77,OTHER,2590.8,SYNTHETIC TRAINING DATA — NOT REAL MARKET DATA
2025-03-18 13:00:00,71.12,100,135.7,94.8,51.1,2585.67,CONSTRUCTION,2483.32,SYNTHETIC TRAINING DATA — NOT REAL MARKET DATA
2025-03-19 09:00:00,96.91,100,27.8,22.3,91.8,2630.61,CHEMICAL_FEEDSTOCK,2831.4,SYNTHETIC TRAINING DATA — NOT REAL MARKET DATA
2025-03-20 05:00:00,79.62,100,271.0,87.3,60.6,2785.97,FOOD_BEVERAGE,2608.22,SYNTHETIC TRAINING DATA — NOT REAL MARKET DATA
2025-03-20 19:00:00,78.37,200,151.6,66.7,65.4,2426.32,CONSTRUCTION,2309.68,SYNTHETIC TRAINING DATA — NOT REAL MARKET DATA
2025-03-21 14:00:00,83.11,200,289.5,93.0,36.5,2681.1,CONSTRUCTION,2569.28,SYNTHETIC TRAINING DATA — NOT REAL MARKET DATA
2025-03-22 10:00:00,66.64,50,299.1,54.9,66.9,2460.72,CONSTRUCTION,2382.4,SYNTHETIC TRAINING DATA — NOT REAL MARKET DATA
2025-03-23 01:00:00,70.8,50,82.1,83.6,62.9,2721.72,FOOD_BEVERAGE,2526.19,SYNTHETIC TRAINING DATA — NOT REAL MARKET DATA
2025-03-23 18:00:00,90.76,25,233.5,24.7,33.9,2308.39,FOOD_BEVERAGE,2777.22,SYNTHETIC TRAINING DATA — NOT REAL MARKET DATA
2025-03-24 13:00:00,67.89,200,170.6,45.1,24.5,2768.61,CHEMICAL_FEEDSTOCK,2409.67,SYNTHETIC TRAINING DATA — NOT REAL MARKET DATA
2025-03-25 06:00:00,86.05,200,309.3,25.0,65.3,2331.26,CHEMICAL_FEEDSTOCK,2518.76,SYNTHETIC TRAINING DATA — NOT REAL MARKET DATA
2025-03-26 05:00:00,73.56,100,83.4,93.2,77.3,2395.73,CONSTRUCTION,2358.03,SYNTHETIC TRAINING DATA — NOT REAL MARKET DATA
2025-03-26 22:00:00,78.59,25,240.5,81.3,59.3,2653.72,CONSTRUCTION,2526.9,SYNTHETIC TRAINING DATA — NOT REAL MARKET DATA
2025-03-27 15:00:00,75.08,25,216.6,83.9,37.0,2436.25,SYNFUEL,2550.18,SYNTHETIC TRAINING DATA — NOT REAL MARKET DATA
2025-03-28 11:00:00,77.41,800,110.4,90.3,70.0,2564.93,FOOD_BEVERAGE,2379.29,SYNTHETIC TRAINING DATA — NOT REAL MARKET DATA
2025-03-29 04:00:00,90.09,100,56.4,26.4,26.0,2466.74,CONSTRUCTION,2683.54,SYNTHETIC TRAINING DATA — NOT REAL MARKET DATA
2025-03-29 19:00:00,75.37,200,231.6,48.9,53.1,2645.42,CHEMICAL_FEEDSTOCK,2396.83,SYNTHETIC TRAINING DATA — NOT REAL MARKET DATA
2025-03-30 17:00:00,84.77,150,261.1,25.3,32.3,2337.0,SYNFUEL,2629.25,SYNTHETIC TRAINING DATA — NOT REAL MARKET DATA
2025-03-31 09:00:00,81.61,100,117.3,35.8,33.8,2235.07,SYNFUEL,2469.17,SYNTHETIC TRAINING DATA — NOT REAL MARKET DATA
2025-04-01 04:00:00,88.16,50,229.2,37.2,35.2,2379.96,GREENHOUSE,2637.99,SYNTHETIC TRAINING DATA — NOT REAL MARKET DATA
2025-04-01 23:00:00,97.7,50,144.3,55.2,49.0,2484.59,CHEMICAL_FEEDSTOCK,2944.96,SYNTHETIC TRAINING DATA — NOT REAL MARKET DATA
2025-04-02 13:00:00,90.57,150,252.5,40.1,23.8,2300.81,SYNFUEL,2866.58,SYNTHETIC TRAINING DATA — NOT REAL MARKET DATA
2025-04-03 06:00:00,72.5,200,77.7,27.6,49.8,2412.88,CONSTRUCTION,2234.38,SYNTHETIC TRAINING DATA — NOT REAL MARKET DATA
2025-04-04 01:00:00,66.09,150,312.7,32.6,58.4,2439.99,CHEMICAL_FEEDSTOCK,2327.24,SYNTHETIC TRAINING DATA — NOT REAL MARKET DATA
2025-04-04 20:00:00,74.15,150,107.7,31.0,56.2,2234.44,SYNFUEL,2361.65,SYNTHETIC TRAINING DATA — NOT REAL MARKET DATA
2025-04-05 16:00:00,85.77,25,135.0,93.0,48.7,2549.98,CHEMICAL_FEEDSTOCK,2659.92,SYNTHETIC TRAINING DATA — NOT REAL MARKET DATA
2025-04-06 11:00:00,66.79,800,29.8,76.9,82.9,2730.61,CONSTRUCTION,2163.91,SYNTHETIC TRAINING DATA — NOT REAL MARKET DATA
2025-04-07 00:00:00,82.32,200,47.9,92.6,30.9,2291.05,CONSTRUCTION,2385.82,SYNTHETIC TRAINING DATA — NOT REAL MARKET DATA
2025-04-07 21:00:00,85.83,100,185.4,53.0,57.9,2558.68,CHEMICAL_FEEDSTOCK,2651.34,SYNTHETIC TRAINING DATA — NOT REAL MARKET DATA
2025-04-08 14:00:00,76.67,800,101.0,40.9,24.7,2598.84,CHEMICAL_FEEDSTOCK,2330.84,SYNTHETIC TRAINING DATA — NOT REAL MARKET DATA
2025-04-09 07:00:00,91.9,150,294.1,79.9,25.3,2451.6,OTHER,2864.56,SYNTHETIC TRAINING DATA — NOT REAL MARKET DATA
2025-04-10 00:00:00,68.72,150,15.0,44.5,63.0,2620.66,CHEMICAL_FEEDSTOCK,2355.49,SYNTHETIC TRAINING DATA — NOT REAL MARKET DATA
2025-04-10 20:00:00,67.62,200,138.9,42.5,62.5,2446.44,CHEMICAL_FEEDSTOCK,2274.37,SYNTHETIC TRAINING DATA — NOT REAL MARKET DATA
2025-04-11 17:00:00,90.41,300,124.7,37.4,85.9,2502.78,SYNFUEL,2566.1,SYNTHETIC TRAINING DATA — NOT REAL MARKET DATA
2025-04-12 07:00:00,82.29,200,16.6,29.7,61.8,2204.41,CONSTRUCTION,2273.23,SYNTHETIC TRAINING DATA — NOT REAL MARKET DATA
2025-04-13 03:00:00,89.03,50,52.3,39.2,92.0,2615.03,FOOD_BEVERAGE,2656.76,SYNTHETIC TRAINING DATA — NOT REAL MARKET DATA
2025-04-13 22:00:00,80.18,100,150.6,46.6,23.7,2596.81,SYNFUEL,2562.84,SYNTHETIC TRAINING DATA — NOT REAL MARKET DATA
2025-04-14 14:00:00,73.6,500,177.6,70.5,27.4,2223.04,FOOD_BEVERAGE,2355.5,SYNTHETIC TRAINING DATA — NOT REAL MARKET DATA
2025-04-15 11:00:00,93.59,50,147.5,24.7,23.3,2420.95,SYNFUEL,2819.24,SYNTHETIC TRAINING DATA — NOT REAL MARKET DATA
2025-04-16 05:00:00,92.9,100,190.5,35.8,33.9,2787.42,CHEMICAL_FEEDSTOCK,2833.71,SYNTHETIC TRAINING DATA — NOT REAL MARKET DATA
2025-04-16 19:00:00,89.24,100,212.3,80.7,60.6,2452.44,FOOD_BEVERAGE,2840.15,SYNTHETIC TRAINING DATA — NOT REAL MARKET DATA
2025-04-17 14:00:00,74.5,100,13.4,31.0,68.4,2501.17,CHEMICAL_FEEDSTOCK,2302.11,SYNTHETIC TRAINING DATA — NOT REAL MARKET DATA
2025-04-18 07:00:00,85.6,150,167.8,45.7,23.4,2745.96,CONSTRUCTION,2622.73,SYNTHETIC TRAINING DATA — NOT REAL MARKET DATA
2025-04-19 01:00:00,77.6,500,337.6,84.8,90.9,2630.36,SYNFUEL,2348.75,SYNTHETIC TRAINING DATA — NOT REAL MARKET DATA
2025-04-19 18:00:00,68.2,50,186.5,31.6,83.2,2549.24,FOOD_BEVERAGE,2393.68,SYNTHETIC TRAINING DATA — NOT REAL MARKET DATA
2025-04-20 15:00:00,97.01,50,240.4,26.2,42.2,2678.68,SYNFUEL,2959.17,SYNTHETIC TRAINING DATA — NOT REAL MARKET DATA
2025-04-21 09:00:00,69.77,50,116.0,56.3,25.8,2718.62,GREENHOUSE,2519.01,SYNTHETIC TRAINING DATA — NOT REAL MARKET DATA
2025-04-22 00:00:00,98.16,300,273.2,42.7,32.7,2474.13,SYNFUEL,3011.97,SYNTHETIC TRAINING DATA — NOT REAL MARKET DATA
2025-04-22 19:00:00,80.57,150,272.8,62.3,29.5,2485.07,GREENHOUSE,2568.95,SYNTHETIC TRAINING DATA — NOT REAL MARKET DATA
2025-04-23 17:00:00,71.46,100,187.2,80.3,29.2,2431.63,CHEMICAL_FEEDSTOCK,2532.02,SYNTHETIC TRAINING DATA — NOT REAL MARKET DATA
2025-04-24 07:00:00,83.91,300,341.8,30.3,58.9,2780.02,FOOD_BEVERAGE,2483.73,SYNTHETIC TRAINING DATA — NOT REAL MARKET DATA
2025-04-25 00:00:00,95.47,300,52.7,63.6,38.4,2618.3,CHEMICAL_FEEDSTOCK,2826.75,SYNTHETIC TRAINING DATA — NOT REAL MARKET DATA
2025-04-25 20:00:00,90.55,300,15.8,57.9,46.9,2249.93,GREENHOUSE,2564.87,SYNTHETIC TRAINING DATA — NOT REAL MARKET DATA
2025-04-26 17:00:00,93.15,500,271.9,30.8,94.2,2717.78,SYNFUEL,2638.16,SYNTHETIC TRAINING DATA — NOT REAL MARKET DATA
2025-04-27 07:00:00,87.99,100,284.4,66.8,71.3,2488.34,SYNFUEL,2710.94,SYNTHETIC TRAINING DATA — NOT REAL MARKET DATA
2025-04-28 04:00:00,89.16,200,50.9,40.5,91.2,2241.25,CONSTRUCTION,2438.47,SYNTHETIC TRAINING DATA — NOT REAL MARKET DATA
2025-04-28 22:00:00,94.64,100,100.3,56.6,30.7,2529.83,SYNFUEL,2930.74,SYNTHETIC TRAINING DATA — NOT REAL MARKET DATA
2025-04-29 13:00:00,73.71,300,16.0,26.2,48.7,2450.3,SYNFUEL,2281.96,SYNTHETIC TRAINING DATA — NOT REAL MARKET DATA
2025-04-30 10:00:00,82.08,200,109.7,54.5,61.6,2726.65,GREENHOUSE,2393.98,SYNTHETIC TRAINING DATA — NOT REAL MARKET DATA
2025-05-01 02:00:00,72.72,200,272.9,43.0,25.8,2322.4,OTHER,2431.73,SYNTHETIC TRAINING DATA — NOT REAL MARKET DATA
2025-05-01 21:00:00,99.47,200,186.1,81.7,20.3,2695.88,CHEMICAL_FEEDSTOCK,2979.15,SYNTHETIC TRAINING DATA — NOT REAL MARKET DATA
2025-05-02 15:00:00,97.95,50,128.4,24.3,70.3,2534.61,GREENHOUSE,2907.97,SYNTHETIC TRAINING DATA — NOT REAL MARKET DATA
2025-05-03 09:00:00,66.38,150,136.4,51.4,68.1,2232.77,CONSTRUCTION,2294.99,SYNTHETIC TRAINING DATA — NOT REAL MARKET DATA
2025-05-04 00:00:00,89.62,800,10.5,54.4,50.8,2783.11,CHEMICAL_FEEDSTOCK,2480.13,SYNTHETIC TRAINING DATA — NOT REAL MARKET DATA
2025-05-04 23:00:00,97.29,500,111.9,74.4,56.7,2507.57,FOOD_BEVERAGE,2810.56,SYNTHETIC TRAINING DATA — NOT REAL MARKET DATA
2025-05-05 13:00:00,71.3,25,229.8,63.1,51.2,2374.53,CONSTRUCTION,2441.78,SYNTHETIC TRAINING DATA — NOT REAL MARKET DATA
2025-05-06 07:00:00,84.82,50,341.2,70.0,21.8,2481.64,OTHER,2673.03,SYNTHETIC TRAINING DATA — NOT REAL MARKET DATA
2025-05-07 00:00:00,96.95,50,298.0,78.3,45.2,2714.71,CHEMICAL_FEEDSTOCK,3082.83,SYNTHETIC TRAINING DATA — NOT REAL MARKET DATA
2025-05-07 21:00:00,66.18,200,18.0,84.7,33.3,2382.94,CONSTRUCTION,2256.76,SYNTHETIC TRAINING DATA — NOT REAL MARKET DATA
2025-05-08 16:00:00,89.34,300,315.5,43.5,27.4,2315.61,SYNFUEL,2737.8,SYNTHETIC TRAINING DATA — NOT REAL MARKET DATA
2025-05-09 06:00:00,75.38,50,276.3,60.4,91.8,2277.44,SYNFUEL,2531.76,SYNTHETIC TRAINING DATA — NOT REAL MARKET DATA
2025-05-10 03:00:00,97.26,150,275.3,83.0,65.0,2378.72,SYNFUEL,3051.5,SYNTHETIC TRAINING DATA — NOT REAL MARKET DATA
2025-05-10 19:00:00,98.89,300,165.7,94.2,74.6,2668.03,OTHER,2956.72,SYNTHETIC TRAINING DATA — NOT REAL MARKET DATA
2025-05-11 15:00:00,97.95,200,145.3,86.7,43.7,2482.98,FOOD_BEVERAGE,2924.29,SYNTHETIC TRAINING DATA — NOT REAL MARKET DATA
2025-05-12 07:00:00,81.55,150,113.0,47.9,49.5,2336.49,FOOD_BEVERAGE,2492.2,SYNTHETIC TRAINING DATA — NOT REAL MARKET DATA
2025-05-13 04:00:00,95.09,150,32.3,34.6,37.8,2299.71,CONSTRUCTION,2795.93,SYNTHETIC TRAINING DATA — NOT REAL MARKET DATA
2025-05-13 20:00:00,94.47,150,87.6,56.7,27.3,2399.64,CHEMICAL_FEEDSTOCK,2913.87,SYNTHETIC TRAINING DATA — NOT REAL MARKET DATA
2025-05-14 17:00:00,76.14,100,93.8,75.6,33.4,2763.95,SYNFUEL,2563.93,SYNTHETIC TRAINING DATA — NOT REAL MARKET DATA
2025-05-15 06:00:00,93.93,150,174.6,56.9,79.8,2405.82,CHEMICAL_FEEDSTOCK,2823.89,SYNTHETIC TRAINING DATA — NOT REAL MARKET DATA
2025-05-16 02:00:00,66.29,200,264.1,56.2,70.8,2792.87,CHEMICAL_FEEDSTOCK,2339.6,SYNTHETIC TRAINING DATA — NOT REAL MARKET DATA
2025-05-16 18:00:00,85.81,300,171.1,82.9,61.0,2491.14,FOOD_BEVERAGE,2591.86,SYNTHETIC TRAINING DATA — NOT REAL MARKET DATA
2025-05-17 17:00:00,73.03,150,29.7,47.1,55.6,2307.5,CONSTRUCTION,2367.41,SYNTHETIC TRAINING DATA — NOT REAL MARKET DATA
2025-05-18 11:00:00,69.21,200,335.6,84.5,89.2,2734.68,SYNFUEL,2441.25,SYNTHETIC TRAINING DATA — NOT REAL MARKET DATA
2025-05-19 01:00:00,67.69,50,330.5,50.5,25.5,2476.21,SYNFUEL,2528.44,SYNTHETIC TRAINING DATA — NOT REAL MARKET DATA
2025-05-19 21:00:00,89.3,100,277.0,44.6,41.0,2625.8,SYNFUEL,2813.34,SYNTHETIC TRAINING DATA — NOT REAL MARKET DATA
2025-05-20 16:00:00,76.86,25,347.1,54.0,46.2,2790.23,CHEMICAL_FEEDSTOCK,2484.51,SYNTHETIC TRAINING DATA — NOT REAL MARKET DATA
2025-05-21 09:00:00,90.29,50,195.1,77.2,78.7,2230.11,GREENHOUSE,2720.83,SYNTHETIC TRAINING DATA — NOT REAL MARKET DATA
2025-05-22 03:00:00,67.28,200,337.3,29.5,94.4,2258.02,CONSTRUCTION,2232.91,SYNTHETIC TRAINING DATA — NOT REAL MARKET DATA
2025-05-22 19:00:00,76.0,800,35.7,34.7,38.1,2632.27,FOOD_BEVERAGE,2270.98,SYNTHETIC TRAINING DATA — NOT REAL MARKET DATA
2025-05-23 12:00:00,83.83,25,134.3,91.4,85.6,2369.1,CONSTRUCTION,2488.42,SYNTHETIC TRAINING DATA — NOT REAL MARKET DATA
2025-05-24 11:00:00,92.6,100,86.6,33.2,82.3,2310.58,CHEMICAL_FEEDSTOCK,2668.3,SYNTHETIC TRAINING DATA — NOT REAL MARKET DATA
2025-05-25 05:00:00,76.12,300,76.6,62.6,36.8,2223.62,SYNFUEL,2397.64,SYNTHETIC TRAINING DATA — NOT REAL MARKET DATA
2025-05-25 21:00:00,86.84,50,57.9,63.4,49.9,2213.11,GREENHOUSE,2652.22,SYNTHETIC TRAINING DATA — NOT REAL MARKET DATA
2025-05-26 14:00:00,95.92,150,221.6,56.7,50.7,2664.69,FOOD_BEVERAGE,2965.21,SYNTHETIC TRAINING DATA — NOT REAL MARKET DATA
2025-05-27 08:00:00,86.49,200,275.6,68.4,93.4,2280.66,SYNFUEL,2595.95,SYNTHETIC TRAINING DATA — NOT REAL MARKET DATA
2025-05-28 04:00:00,73.13,150,206.6,37.2,33.6,2480.63,CONSTRUCTION,2400.93,SYNTHETIC TRAINING DATA — NOT REAL MARKET DATA
2025-05-28 23:00:00,65.85,50,60.0,61.4,79.9,2563.54,CONSTRUCTION,2286.03,SYNTHETIC TRAINING DATA — NOT REAL MARKET DATA
2025-05-29 17:00:00,95.37,100,285.8,47.9,45.1,2457.01,CONSTRUCTION,2873.01,SYNTHETIC TRAINING DATA — NOT REAL MARKET DATA
2025-05-30 10:00:00,65.74,200,226.2,69.6,74.8,2216.26,GREENHOUSE,2276.16,SYNTHETIC TRAINING DATA — NOT REAL MARKET DATA
2025-05-31 03:00:00,95.53,150,142.0,30.6,51.5,2670.1,CONSTRUCTION,2810.76,SYNTHETIC TRAINING DATA — NOT REAL MARKET DATA
2025-05-31 18:00:00,83.46,25,239.2,62.8,63.4,2206.31,CONSTRUCTION,2517.58,SYNTHETIC TRAINING DATA — NOT REAL MARKET DATA
2025-06-01 12:00:00,97.77,200,98.4,33.9,82.4,2657.13,SYNFUEL,2833.43,SYNTHETIC TRAINING DATA — NOT REAL MARKET DATA
2025-06-02 11:00:00,92.88,25,127.4,40.9,80.3,2735.98,SYNFUEL,2810.0,SYNTHETIC TRAINING DATA — NOT REAL MARKET DATA
2025-06-03 03:00:00,99.83,200,321.9,36.4,85.0,2459.7,SYNFUEL,2923.99,SYNTHETIC TRAINING DATA — NOT REAL MARKET DATA
2025-06-03 18:00:00,77.24,50,108.8,33.7,24.5,2521.33,SYNFUEL,2505.72,SYNTHETIC TRAINING DATA — NOT REAL MARKET DATA
2025-06-04 12:00:00,91.77,800,169.8,81.9,71.9,2486.19,FOOD_BEVERAGE,2611.12,SYNTHETIC TRAINING DATA — NOT REAL MARKET DATA
2025-06-05 09:00:00,79.03,100,312.6,41.4,30.5,2433.53,FOOD_BEVERAGE,2569.26,SYNTHETIC TRAINING DATA — NOT REAL MARKET DATA
2025-06-06 00:00:00,81.75,100,250.6,89.5,51.2,2732.45,SYNFUEL,2646.39,SYNTHETIC TRAINING DATA — NOT REAL MARKET DATA
2025-06-06 18:00:00,86.9,50,31.1,92.7,61.1,2736.36,FOOD_BEVERAGE,2705.73,SYNTHETIC TRAINING DATA — NOT REAL MARKET DATA
2025-06-07 15:00:00,95.49,100,60.1,62.8,50.2,2401.49,SYNFUEL,2920.49,SYNTHETIC TRAINING DATA — NOT REAL MARKET DATA
2025-06-08 10:00:00,99.34,300,12.7,30.7,59.0,2569.04,CHEMICAL_FEEDSTOCK,2742.54,SYNTHETIC TRAINING DATA — NOT REAL MARKET DATA
2025-06-09 03:00:00,91.81,800,224.5,48.1,94.7,2756.14,SYNFUEL,2599.81,SYNTHETIC TRAINING DATA — NOT REAL MARKET DATA
2025-06-09 19:00:00,79.58,100,162.2,79.8,30.1,2777.24,CHEMICAL_FEEDSTOCK,2538.4,SYNTHETIC TRAINING DATA — NOT REAL MARKET DATA
2025-06-10 16:00:00,79.71,100,55.7,47.6,70.7,2505.38,CHEMICAL_FEEDSTOCK,2363.81,SYNTHETIC TRAINING DATA — NOT REAL MARKET DATA
2025-06-11 07:00:00,90.74,200,335.7,26.5,49.7,2471.69,CONSTRUCTION,2606.34,SYNTHETIC TRAINING DATA — NOT REAL MARKET DATA
2025-06-12 01:00:00,73.33,300,190.1,61.8,30.0,2367.22,CHEMICAL_FEEDSTOCK,2454.81,SYNTHETIC TRAINING DATA — NOT REAL MARKET DATA
2025-06-12 22:00:00,68.86,150,92.2,83.4,31.9,2775.32,OTHER,2502.15,SYNTHETIC TRAINING DATA — NOT REAL MARKET DATA
2025-06-13 15:00:00,77.38,100,180.2,79.7,91.2,2285.69,SYNFUEL,2482.14,SYNTHETIC TRAINING DATA — NOT REAL MARKET DATA
2025-06-14 11:00:00,75.02,100,241.1,33.1,86.0,2547.9,SYNFUEL,2460.96,SYNTHETIC TRAINING DATA — NOT REAL MARKET DATA
2025-06-15 03:00:00,75.34,200,35.9,70.5,88.0,2369.53,SYNFUEL,2338.92,SYNTHETIC TRAINING DATA — NOT REAL MARKET DATA
2025-06-15 21:00:00,73.15,25,103.4,36.5,94.4,2367.4,CONSTRUCTION,2304.09,SYNTHETIC TRAINING DATA — NOT REAL MARKET DATA
2025-06-16 12:00:00,66.47,150,284.4,36.4,35.6,2442.98,SYNFUEL,2421.79,SYNTHETIC TRAINING DATA — NOT REAL MARKET DATA
2025-06-17 08:00:00,65.62,100,166.3,85.6,46.7,2799.28,FOOD_BEVERAGE,2438.82,SYNTHETIC TRAINING DATA — NOT REAL MARKET DATA
2025-06-18 01:00:00,99.47,200,195.8,38.7,70.2,2232.98,CONSTRUCTION,2816.21,SYNTHETIC TRAINING DATA — NOT REAL MARKET DATA
2025-06-18 19:00:00,79.93,25,157.2,39.7,56.3,2547.13,CONSTRUCTION,2434.09,SYNTHETIC TRAINING DATA — NOT REAL MARKET DATA
2025-06-19 17:00:00,78.41,150,24.9,20.0,51.4,2249.54,CONSTRUCTION,2263.59,SYNTHETIC TRAINING DATA — NOT REAL MARKET DATA
2025-06-20 08:00:00,88.72,100,66.4,85.3,46.8,2292.71,SYNFUEL,2730.2,SYNTHETIC TRAINING DATA — NOT REAL MARKET DATA
2025-06-21 05:00:00,72.62,150,161.5,79.4,64.5,2463.74,SYNFUEL,2449.21,SYNTHETIC TRAINING DATA — NOT REAL MARKET DATA
2025-06-21 21:00:00,98.15,25,81.1,67.0,63.2,2506.28,CHEMICAL_FEEDSTOCK,2928.2,SYNTHETIC TRAINING DATA — NOT REAL MARKET DATA
2025-06-22 16:00:00,92.44,150,27.0,76.3,32.1,2355.28,CONSTRUCTION,2789.58,SYNTHETIC TRAINING DATA — NOT REAL MARKET DATA
2025-06-23 09:00:00,68.12,150,296.8,31.4,55.4,2389.87,SYNFUEL,2379.9,SYNTHETIC TRAINING DATA — NOT REAL MARKET DATA
2025-06-24 03:00:00,79.57,150,343.6,54.4,61.5,2252.18,SYNFUEL,2491.59,SYNTHETIC TRAINING DATA — NOT REAL MARKET DATA
2025-06-24 20:00:00,95.68,150,279.7,46.3,62.8,2381.93,OTHER,2907.83,SYNTHETIC TRAINING DATA — NOT REAL MARKET DATA
2025-06-25 13:00:00,97.97,200,300.3,27.0,35.8,2779.94,SYNFUEL,2951.3,SYNTHETIC TRAINING DATA — NOT REAL MARKET DATA
2025-06-26 10:00:00,81.31,300,92.3,56.5,75.7,2766.82,FOOD_BEVERAGE,2425.0,SYNTHETIC TRAINING DATA — NOT REAL MARKET DATA
2025-06-27 01:00:00,86.41,100,336.6,89.1,21.9,2400.93,FOOD_BEVERAGE,2756.76,SYNTHETIC TRAINING DATA — NOT REAL MARKET DATA
2025-06-27 18:00:00,70.83,300,77.0,23.0,46.6,2542.51,CHEMICAL_FEEDSTOCK,2264.45,SYNTHETIC TRAINING DATA — NOT REAL MARKET DATA
2025-06-28 15:00:00,99.59,100,333.5,41.9,78.5,2745.76,SYNFUEL,3044.47,SYNTHETIC TRAINING DATA — NOT REAL MARKET DATA
2025-06-29 07:00:00,73.09,25,348.2,35.6,62.3,2203.71,SYNFUEL,2447.34,SYNTHETIC TRAINING DATA — NOT REAL MARKET DATA
2025-06-30 05:00:00,97.9,25,252.0,37.9,39.6,2686.41,CONSTRUCTION,2981.79,SYNTHETIC TRAINING DATA — NOT REAL MARKET DATA
2025-06-30 23:00:00,87.67,100,343.6,88.1,72.1,2769.02,CONSTRUCTION,2697.85,SYNTHETIC TRAINING DATA — NOT REAL MARKET DATA
2025-07-01 17:00:00,86.21,200,203.6,55.1,62.6,2254.8,FOOD_BEVERAGE,2523.17,SYNTHETIC TRAINING DATA — NOT REAL MARKET DATA
2025-07-02 08:00:00,82.89,200,98.2,55.0,79.7,2296.87,GREENHOUSE,2373.04,SYNTHETIC TRAINING DATA — NOT REAL MARKET DATA
2025-07-03 00:00:00,73.05,200,158.6,77.0,75.1,2776.45,CONSTRUCTION,2361.45,SYNTHETIC TRAINING DATA — NOT REAL MARKET DATA
2025-07-03 23:00:00,71.16,150,211.8,31.6,65.8,2522.52,SYNFUEL,2440.21,SYNTHETIC TRAINING DATA — NOT REAL MARKET DATA
2025-07-04 14:00:00,72.69,100,34.8,56.5,56.6,2208.52,SYNFUEL,2397.84,SYNTHETIC TRAINING DATA — NOT REAL MARKET DATA
2025-07-05 11:00:00,71.51,50,221.6,52.2,30.0,2354.58,FOOD_BEVERAGE,2584.5,SYNTHETIC TRAINING DATA — NOT REAL MARKET DATA
2025-07-06 05:00:00,92.21,100,343.6,64.8,39.6,2469.97,SYNFUEL,2952.77,SYNTHETIC TRAINING DATA — NOT REAL MARKET DATA
2025-07-06 23:00:00,77.22,100,74.6,95.0,51.4,2615.75,SYNFUEL,2520.98,SYNTHETIC TRAINING DATA — NOT REAL MARKET DATA
2025-07-07 13:00:00,67.02,25,279.5,77.7,64.9,2639.9,FOOD_BEVERAGE,2454.76,SYNTHETIC TRAINING DATA — NOT REAL MARKET DATA
2025-07-08 08:00:00,98.82,50,318.7,49.8,58.5,2797.25,CHEMICAL_FEEDSTOCK,2998.83,SYNTHETIC TRAINING DATA — NOT REAL MARKET DATA
2025-07-09 05:00:00,95.84,150,330.9,82.1,41.6,2372.51,GREENHOUSE,2990.03,SYNTHETIC TRAINING DATA — NOT REAL MARKET DATA
2025-07-09 19:00:00,97.38,200,336.4,32.8,20.5,2522.93,CONSTRUCTION,2914.81,SYNTHETIC TRAINING DATA — NOT REAL MARKET DATA
2025-07-10 13:00:00,99.72,800,187.3,22.3,57.2,2519.99,SYNFUEL,2789.74,SYNTHETIC TRAINING DATA — NOT REAL MARKET DATA
2025-07-11 09:00:00,71.07,500,342.3,35.3,41.4,2443.39,GREENHOUSE,2295.37,SYNTHETIC TRAINING DATA — NOT REAL MARKET DATA
2025-07-12 05:00:00,78.83,150,267.5,45.5,75.1,2301.5,CHEMICAL_FEEDSTOCK,2397.88,SYNTHETIC TRAINING DATA — NOT REAL MARKET DATA
2025-07-12 22:00:00,91.46,100,65.0,58.3,21.8,2786.47,CHEMICAL_FEEDSTOCK,2794.55,SYNTHETIC TRAINING DATA — NOT REAL MARKET DATA
2025-07-13 15:00:00,89.29,150,172.1,66.1,63.9,2711.99,CHEMICAL_FEEDSTOCK,2706.58,SYNTHETIC TRAINING DATA — NOT REAL MARKET DATA
2025-07-14 06:00:00,70.37,200,254.2,88.3,90.6,2499.0,SYNFUEL,2427.84,SYNTHETIC TRAINING DATA — NOT REAL MARKET DATA
2025-07-15 03:00:00,93.47,50,94.1,58.2,33.1,2561.95,CONSTRUCTION,2877.7,SYNTHETIC TRAINING DATA — NOT REAL MARKET DATA
2025-07-15 23:00:00,72.83,100,227.8,57.6,55.4,2336.36,SYNFUEL,2475.14,SYNTHETIC TRAINING DATA — NOT REAL MARKET DATA
2025-07-16 12:00:00,72.81,300,236.6,23.8,26.9,2526.27,CHEMICAL_FEEDSTOCK,2384.77,SYNTHETIC TRAINING DATA — NOT REAL MARKET DATA
2025-07-17 09:00:00,83.74,100,65.3,22.6,66.9,2616.98,CHEMICAL_FEEDSTOCK,2478.52,SYNTHETIC TRAINING DATA — NOT REAL MARKET DATA
2025-07-18 05:00:00,85.69,150,202.1,61.3,61.3,2509.1,FOOD_BEVERAGE,2633.15,SYNTHETIC TRAINING DATA — NOT REAL MARKET DATA
2025-07-18 22:00:00,85.25,150,272.4,52.9,50.6,2794.17,FOOD_BEVERAGE,2696.08,SYNTHETIC TRAINING DATA — NOT REAL MARKET DATA
2025-07-19 16:00:00,68.19,50,179.6,82.9,59.1,2566.8,SYNFUEL,2507.82,SYNTHETIC TRAINING DATA — NOT REAL MARKET DATA
2025-07-20 10:00:00,95.62,100,14.1,32.1,87.2,2422.58,CHEMICAL_FEEDSTOCK,2779.0,SYNTHETIC TRAINING DATA — NOT REAL MARKET DATA
2025-07-21 02:00:00,74.27,100,13.1,21.9,34.7,2663.29,CHEMICAL_FEEDSTOCK,2339.85,SYNTHETIC TRAINING DATA — NOT REAL MARKET DATA
2025-07-21 19:00:00,69.52,25,131.4,53.7,21.7,2302.28,SYNFUEL,2506.81,SYNTHETIC TRAINING DATA — NOT REAL MARKET DATA
2025-07-22 16:00:00,96.02,25,324.9,37.8,84.6,2430.71,FOOD_BEVERAGE,2899.78,SYNTHETIC TRAINING DATA — NOT REAL MARKET DATA
2025-07-23 10:00:00,98.35,300,87.8,23.7,63.3,2408.18,FOOD_BEVERAGE,2813.39,SYNTHETIC TRAINING DATA — NOT REAL MARKET DATA
2025-07-24 05:00:00,95.09,100,225.7,74.3,86.8,2459.08,SYNFUEL,2960.38,SYNTHETIC TRAINING DATA — NOT REAL MARKET DATA
2025-07-24 23:00:00,93.25,150,85.5,28.4,64.8,2669.07,CHEMICAL_FEEDSTOCK,2730.56,SYNTHETIC TRAINING DATA — NOT REAL MARKET DATA
2025-07-25 15:00:00,87.87,100,119.4,65.6,80.8,2490.5,SYNFUEL,2668.88,SYNTHETIC TRAINING DATA — NOT REAL MARKET DATA
2025-07-26 09:00:00,84.22,500,298.3,41.1,52.2,2676.41,CONSTRUCTION,2410.55,SYNTHETIC TRAINING DATA — NOT REAL MARKET DATA
2025-07-27 04:00:00,68.04,100,257.8,33.0,76.2,2545.89,SYNFUEL,2435.77,SYNTHETIC TRAINING DATA — NOT REAL MARKET DATA
2025-07-27 21:00:00,79.26,100,42.4,48.5,88.5,2405.24,OTHER,2313.14,SYNTHETIC TRAINING DATA — NOT REAL MARKET DATA
2025-07-28 16:00:00,78.01,300,155.8,80.1,62.9,2685.99,FOOD_BEVERAGE,2423.59,SYNTHETIC TRAINING DATA — NOT REAL MARKET DATA
2025-07-29 10:00:00,74.07,300,19.9,49.4,33.6,2342.97,CHEMICAL_FEEDSTOCK,2373.73,SYNTHETIC TRAINING DATA — NOT REAL MARKET DATA
2025-07-30 05:00:00,90.25,50,173.5,76.3,40.2,2334.63,CONSTRUCTION,2777.04,SYNTHETIC TRAINING DATA — NOT REAL MARKET DATA
2025-07-30 20:00:00,82.31,300,235.2,29.4,34.9,2502.7,GREENHOUSE,2408.32,SYNTHETIC TRAINING DATA — NOT REAL MARKET DATA
2025-07-31 14:00:00,67.83,100,50.3,78.0,38.5,2356.51,CONSTRUCTION,2366.59,SYNTHETIC TRAINING DATA — NOT REAL MARKET DATA
2025-08-01 06:00:00,72.68,100,108.2,37.8,43.0,2205.45,SYNFUEL,2443.6,SYNTHETIC TRAINING DATA — NOT REAL MARKET DATA
2025-08-02 03:00:00,88.85,50,145.3,70.8,61.6,2588.98,CHEMICAL_FEEDSTOCK,2713.55,SYNTHETIC TRAINING DATA — NOT REAL MARKET DATA
2025-08-02 18:00:00,67.66,25,322.6,62.4,64.1,2506.66,FOOD_BEVERAGE,2480.17,SYNTHETIC TRAINING DATA — NOT REAL MARKET DATA
2025-08-03 14:00:00,94.71,200,347.7,89.7,52.0,2467.31,CONSTRUCTION,2838.08,SYNTHETIC TRAINING DATA — NOT REAL MARKET DATA
2025-08-04 09:00:00,82.28,100,25.3,49.0,66.2,2780.18,CONSTRUCTION,2443.43,SYNTHETIC TRAINING DATA — NOT REAL MARKET DATA
2025-08-05 01:00:00,81.77,100,268.7,25.0,26.1,2542.72,GREENHOUSE,2525.96,SYNTHETIC TRAINING DATA — NOT REAL MARKET DATA
2025-08-05 21:00:00,85.68,200,136.4,21.4,26.6,2718.06,GREENHOUSE,2534.65,SYNTHETIC TRAINING DATA — NOT REAL MARKET DATA
2025-08-06 12:00:00,93.78,200,143.4,82.0,32.9,2283.67,GREENHOUSE,2758.62,SYNTHETIC TRAINING DATA — NOT REAL MARKET DATA
2025-08-07 06:00:00,77.14,50,266.5,59.4,58.9,2541.52,SYNFUEL,2498.56,SYNTHETIC TRAINING DATA — NOT REAL MARKET DATA
2025-08-08 04:00:00,88.66,150,322.3,78.1,36.0,2720.79,CONSTRUCTION,2812.25,SYNTHETIC TRAINING DATA — NOT REAL MARKET DATA
2025-08-08 20:00:00,84.74,50,333.3,37.6,41.2,2549.86,FOOD_BEVERAGE,2649.82,SYNTHETIC TRAINING DATA — NOT REAL MARKET DATA
2025-08-09 12:00:00,74.32,200,206.2,45.9,50.0,2630.81,FOOD_BEVERAGE,2437.81,SYNTHETIC TRAINING DATA — NOT REAL MARKET DATA
2025-08-10 09:00:00,95.66,200,131.4,22.3,80.9,2423.23,CONSTRUCTION,2670.44,SYNTHETIC TRAINING DATA — NOT REAL MARKET DATA
2025-08-11 04:00:00,92.83,800,277.8,92.1,21.0,2255.47,SYNFUEL,2730.81,SYNTHETIC TRAINING DATA — NOT REAL MARKET DATA
2025-08-11 19:00:00,87.98,25,95.3,70.1,68.7,2474.74,FOOD_BEVERAGE,2650.31,SYNTHETIC TRAINING DATA — NOT REAL MARKET DATA
2025-08-12 15:00:00,94.69,25,201.8,90.0,70.2,2436.69,FOOD_BEVERAGE,2975.96,SYNTHETIC TRAINING DATA — NOT REAL MARKET DATA
2025-08-13 06:00:00,95.27,100,131.9,39.9,79.9,2720.24,SYNFUEL,2840.07,SYNTHETIC TRAINING DATA — NOT REAL MARKET DATA
2025-08-14 00:00:00,89.72,100,233.3,65.9,90.0,2346.4,CONSTRUCTION,2688.32,SYNTHETIC TRAINING DATA — NOT REAL MARKET DATA
2025-08-14 21:00:00,94.21,50,91.7,70.9,21.5,2780.04,SYNFUEL,2926.1,SYNTHETIC TRAINING DATA — NOT REAL MARKET DATA
2025-08-15 15:00:00,89.34,500,75.1,43.8,31.5,2774.88,CHEMICAL_FEEDSTOCK,2590.23,SYNTHETIC TRAINING DATA — NOT REAL MARKET DATA
2025-08-16 09:00:00,88.74,50,322.2,83.6,86.5,2348.58,SYNFUEL,2758.38,SYNTHETIC TRAINING DATA — NOT REAL MARKET DATA
2025-08-17 04:00:00,86.59,100,44.6,91.0,54.4,2408.83,CHEMICAL_FEEDSTOCK,2609.09,SYNTHETIC TRAINING DATA — NOT REAL MARKET DATA
2025-08-17 23:00:00,91.27,200,182.0,86.4,62.3,2737.33,CONSTRUCTION,2762.95,SYNTHETIC TRAINING DATA — NOT REAL MARKET DATA
2025-08-18 15:00:00,70.54,100,85.1,75.4,69.7,2779.97,CONSTRUCTION,2445.41,SYNTHETIC TRAINING DATA — NOT REAL MARKET DATA
2025-08-19 07:00:00,95.74,200,23.2,40.8,70.9,2466.06,CONSTRUCTION,2645.99,SYNTHETIC TRAINING DATA — NOT REAL MARKET DATA
2025-08-20 04:00:00,95.43,25,22.2,41.1,89.9,2392.6,FOOD_BEVERAGE,2782.54,SYNTHETIC TRAINING DATA — NOT REAL MARKET DATA
2025-08-20 19:00:00,66.02,100,69.6,92.3,94.8,2515.66,SYNFUEL,2402.79,SYNTHETIC TRAINING DATA — NOT REAL MARKET DATA
2025-08-21 14:00:00,93.82,25,304.7,20.8,74.0,2612.66,SYNFUEL,2845.07,SYNTHETIC TRAINING DATA — NOT REAL MARKET DATA
2025-08-22 06:00:00,69.5,25,106.0,73.7,41.5,2364.08,GREENHOUSE,2461.27,SYNTHETIC TRAINING DATA — NOT REAL MARKET DATA
2025-08-23 00:00:00,76.7,500,333.2,73.0,86.0,2641.88,SYNFUEL,2357.22,SYNTHETIC TRAINING DATA — NOT REAL MARKET DATA
2025-08-23 23:00:00,90.95,50,207.8,66.7,23.7,2230.99,OTHER,2838.27,SYNTHETIC TRAINING DATA — NOT REAL MARKET DATA
2025-08-24 17:00:00,70.61,150,158.4,94.3,37.3,2229.58,FOOD_BEVERAGE,2521.1,SYNTHETIC TRAINING DATA — NOT REAL MARKET DATA
2025-08-25 10:00:00,93.55,100,207.2,43.4,87.3,2431.77,CONSTRUCTION,2746.79,SYNTHETIC TRAINING DATA — NOT REAL MARKET DATA
2025-08-26 02:00:00,94.04,100,185.7,45.5,39.2,2412.08,OTHER,2818.68,SYNTHETIC TRAINING DATA — NOT REAL MARKET DATA
2025-08-26 19:00:00,82.71,300,268.0,25.9,36.5,2389.38,SYNFUEL,2482.13,SYNTHETIC TRAINING DATA — NOT REAL MARKET DATA
2025-08-27 12:00:00,65.22,25,106.0,53.2,30.4,2494.61,CHEMICAL_FEEDSTOCK,2371.2,SYNTHETIC TRAINING DATA — NOT REAL MARKET DATA
2025-08-28 07:00:00,75.02,200,130.0,39.6,84.4,2392.44,CONSTRUCTION,2246.67,SYNTHETIC TRAINING DATA — NOT REAL MARKET DATA
2025-08-29 03:00:00,86.53,800,314.0,45.8,57.5,2315.35,CHEMICAL_FEEDSTOCK,2448.22,SYNTHETIC TRAINING DATA — NOT REAL MARKET DATA
2025-08-29 22:00:00,99.24,150,331.8,82.6,70.6,2385.68,GREENHOUSE,2988.89,SYNTHETIC TRAINING DATA — NOT REAL MARKET DATA
2025-08-30 15:00:00,87.05,500,313.5,90.2,37.9,2784.94,SYNFUEL,2654.19,SYNTHETIC TRAINING DATA — NOT REAL MARKET DATA
2025-08-31 07:00:00,74.07,25,152.6,33.9,76.9,2446.67,CONSTRUCTION,2336.02,SYNTHETIC TRAINING DATA — NOT REAL MARKET DATA
2025-09-01 05:00:00,87.13,100,275.3,47.9,77.0,2466.83,CONSTRUCTION,2575.61,SYNTHETIC TRAINING DATA — NOT REAL MARKET DATA
2025-09-01 22:00:00,83.85,100,172.0,89.6,43.4,2545.93,CONSTRUCTION,2596.46,SYNTHETIC TRAINING DATA — NOT REAL MARKET DATA
2025-09-02 15:00:00,92.22,200,179.2,24.6,50.8,2790.0,CHEMICAL_FEEDSTOCK,2671.46,SYNTHETIC TRAINING DATA — NOT REAL MARKET DATA
2025-09-03 09:00:00,68.73,800,79.6,26.9,35.7,2344.96,CHEMICAL_FEEDSTOCK,2158.03,SYNTHETIC TRAINING DATA — NOT REAL MARKET DATA
2025-09-04 02:00:00,91.56,100,211.0,32.2,93.2,2608.77,FOOD_BEVERAGE,2786.72,SYNTHETIC TRAINING DATA — NOT REAL MARKET DATA
2025-09-04 19:00:00,83.89,200,73.3,64.6,68.4,2629.59,SYNFUEL,2447.75,SYNTHETIC TRAINING DATA — NOT REAL MARKET DATA
2025-09-05 14:00:00,98.61,50,122.7,31.3,90.1,2564.39,FOOD_BEVERAGE,2974.37,SYNTHETIC TRAINING DATA — NOT REAL MARKET DATA
2025-09-06 10:00:00,76.93,150,300.7,92.6,42.8,2253.15,CONSTRUCTION,2507.25,SYNTHETIC TRAINING DATA — NOT REAL MARKET DATA
2025-09-07 00:00:00,87.08,100,80.4,53.5,78.6,2606.12,FOOD_BEVERAGE,2640.84,SYNTHETIC TRAINING DATA — NOT REAL MARKET DATA
2025-09-07 18:00:00,97.53,800,34.2,57.6,77.4,2238.46,FOOD_BEVERAGE,2670.5,SYNTHETIC TRAINING DATA — NOT REAL MARKET DATA
2025-09-08 12:00:00,68.58,150,33.5,38.5,71.9,2557.69,SYNFUEL,2340.77,SYNTHETIC TRAINING DATA — NOT REAL MARKET DATA
2025-09-09 06:00:00,97.71,100,329.9,55.3,92.4,2643.75,CONSTRUCTION,2931.93,SYNTHETIC TRAINING DATA — NOT REAL MARKET DATA
2025-09-10 05:00:00,89.01,50,182.4,69.6,49.5,2326.58,GREENHOUSE,2756.96,SYNTHETIC TRAINING DATA — NOT REAL MARKET DATA
2025-09-10 22:00:00,67.37,50,149.2,76.3,29.8,2704.97,CHEMICAL_FEEDSTOCK,2466.39,SYNTHETIC TRAINING DATA — NOT REAL MARKET DATA
2025-09-11 14:00:00,75.5,50,285.7,76.5,70.4,2218.21,OTHER,2445.87,SYNTHETIC TRAINING DATA — NOT REAL MARKET DATA
2025-09-12 06:00:00,89.72,100,294.2,63.3,74.7,2706.29,CONSTRUCTION,2735.56,SYNTHETIC TRAINING DATA — NOT REAL MARKET DATA
2025-09-13 02:00:00,67.35,300,122.9,87.8,63.1,2476.2,SYNFUEL,2383.77,SYNTHETIC TRAINING DATA — NOT REAL MARKET DATA
2025-09-13 20:00:00,85.32,150,245.8,81.3,35.5,2330.55,CHEMICAL_FEEDSTOCK,2639.72,SYNTHETIC TRAINING DATA — NOT REAL MARKET DATA
2025-09-14 13:00:00,77.07,150,272.2,76.8,57.8,2280.27,OTHER,2545.05,SYNTHETIC TRAINING DATA — NOT REAL MARKET DATA
2025-09-15 08:00:00,86.67,50,232.6,24.2,43.4,2771.98,CHEMICAL_FEEDSTOCK,2634.37,SYNTHETIC TRAINING DATA — NOT REAL MARKET DATA
2025-09-16 02:00:00,66.6,300,61.5,20.5,52.1,2243.6,GREENHOUSE,2151.57,SYNTHETIC TRAINING DATA — NOT REAL MARKET DATA
2025-09-16 21:00:00,95.42,200,307.8,35.9,68.4,2319.46,GREENHOUSE,2781.26,SYNTHETIC TRAINING DATA — NOT REAL MARKET DATA
2025-09-17 15:00:00,98.97,25,193.3,69.8,75.9,2408.69,CHEMICAL_FEEDSTOCK,2982.19,SYNTHETIC TRAINING DATA — NOT REAL MARKET DATA
2025-09-18 06:00:00,98.81,200,106.0,50.8,37.4,2572.14,SYNFUEL,2944.57,SYNTHETIC TRAINING DATA — NOT REAL MARKET DATA
2025-09-19 02:00:00,91.16,150,154.6,50.2,50.4,2526.88,FOOD_BEVERAGE,2803.2,SYNTHETIC TRAINING DATA — NOT REAL MARKET DATA
2025-09-19 21:00:00,69.54,25,22.8,86.3,40.2,2275.39,CHEMICAL_FEEDSTOCK,2426.32,SYNTHETIC TRAINING DATA — NOT REAL MARKET DATA
2025-09-20 15:00:00,91.46,100,53.5,87.2,34.9,2373.84,FOOD_BEVERAGE,2823.79,SYNTHETIC TRAINING DATA — NOT REAL MARKET DATA
2025-09-21 11:00:00,65.86,100,270.3,88.2,78.8,2343.25,CHEMICAL_FEEDSTOCK,2367.65,SYNTHETIC TRAINING DATA — NOT REAL MARKET DATA
2025-09-22 03:00:00,65.77,50,10.0,43.5,88.2,2328.13,CONSTRUCTION,2199.76,SYNTHETIC TRAINING DATA — NOT REAL MARKET DATA
2025-09-22 18:00:00,76.29,500,151.6,71.8,47.8,2446.69,FOOD_BEVERAGE,2359.67,SYNTHETIC TRAINING DATA — NOT REAL MARKET DATA
2025-09-23 12:00:00,82.05,300,187.7,40.4,76.3,2622.42,CHEMICAL_FEEDSTOCK,2385.93,SYNTHETIC TRAINING DATA — NOT REAL MARKET DATA
2025-09-24 09:00:00,91.89,200,28.6,34.3,87.3,2330.47,CHEMICAL_FEEDSTOCK,2519.89,SYNTHETIC TRAINING DATA — NOT REAL MARKET DATA
2025-09-25 00:00:00,88.85,100,340.8,33.8,83.5,2420.01,CHEMICAL_FEEDSTOCK,2662.48,SYNTHETIC TRAINING DATA — NOT REAL MARKET DATA
2025-09-25 21:00:00,80.56,100,86.9,45.7,33.7,2434.55,CHEMICAL_FEEDSTOCK,2517.33,SYNTHETIC TRAINING DATA — NOT REAL MARKET DATA
2025-09-26 17:00:00,74.55,200,113.4,52.2,91.7,2785.87,CONSTRUCTION,2264.62,SYNTHETIC TRAINING DATA — NOT REAL MARKET DATA
2025-09-27 09:00:00,99.8,150,113.3,82.3,48.3,2772.8,FOOD_BEVERAGE,3110.04,SYNTHETIC TRAINING DATA — NOT REAL MARKET DATA
2025-09-28 02:00:00,79.87,25,88.3,29.0,45.4,2680.08,CHEMICAL_FEEDSTOCK,2361.22,SYNTHETIC TRAINING DATA — NOT REAL MARKET DATA
2025-09-28 21:00:00,80.75,150,10.5,75.1,24.7,2345.0,CONSTRUCTION,2403.08,SYNTHETIC TRAINING DATA — NOT REAL MARKET DATA
2025-09-29 14:00:00,70.71,300,258.0,59.9,56.5,2240.82,CONSTRUCTION,2292.21,SYNTHETIC TRAINING DATA — NOT REAL MARKET DATA
2025-09-30 09:00:00,92.74,100,338.7,41.6,28.2,2390.14,CHEMICAL_FEEDSTOCK,2901.24,SYNTHETIC TRAINING DATA — NOT REAL MARKET DATA
2025-10-01 05:00:00,89.21,25,86.3,57.0,38.6,2360.08,CHEMICAL_FEEDSTOCK,2730.12,SYNTHETIC TRAINING DATA — NOT REAL MARKET DATA
2025-10-01 20:00:00,72.7,200,235.4,42.5,43.8,2503.56,GREENHOUSE,2375.16,SYNTHETIC TRAINING DATA — NOT REAL MARKET DATA
2025-10-02 17:00:00,67.88,50,262.2,64.7,80.7,2666.64,FOOD_BEVERAGE,2479.19,SYNTHETIC TRAINING DATA — NOT REAL MARKET DATA
2025-10-03 11:00:00,88.75,100,298.5,52.5,85.7,2714.99,CONSTRUCTION,2670.76,SYNTHETIC TRAINING DATA — NOT REAL MARKET DATA
2025-10-04 01:00:00,87.84,50,153.7,32.3,42.7,2706.92,CONSTRUCTION,2665.21,SYNTHETIC TRAINING DATA — NOT REAL MARKET DATA
2025-10-04 18:00:00,74.54,100,113.0,28.7,84.4,2415.81,SYNFUEL,2385.42,SYNTHETIC TRAINING DATA — NOT REAL MARKET DATA
2025-10-05 12:00:00,98.19,200,120.6,61.0,84.3,2612.34,CONSTRUCTION,2805.93,SYNTHETIC TRAINING DATA — NOT REAL MARKET DATA
2025-10-06 06:00:00,70.27,150,252.3,87.7,77.3,2387.7,CONSTRUCTION,2423.89,SYNTHETIC TRAINING DATA — NOT REAL MARKET DATA
2025-10-07 00:00:00,80.09,50,287.7,45.8,31.0,2236.54,CONSTRUCTION,2509.13,SYNTHETIC TRAINING DATA — NOT REAL MARKET DATA
2025-10-07 22:00:00,97.93,300,71.7,75.0,71.8,2620.94,CHEMICAL_FEEDSTOCK,2842.76,SYNTHETIC TRAINING DATA — NOT REAL MARKET DATA
2025-10-08 12:00:00,79.65,300,136.1,69.4,90.9,2205.9,SYNFUEL,2330.81,SYNTHETIC TRAINING DATA — NOT REAL MARKET DATA
2025-10-09 07:00:00,87.28,300,316.7,89.9,71.2,2445.51,SYNFUEL,2698.64,SYNTHETIC TRAINING DATA — NOT REAL MARKET DATA
2025-10-10 05:00:00,78.88,50,284.3,81.6,44.9,2397.63,OTHER,2545.35,SYNTHETIC TRAINING DATA — NOT REAL MARKET DATA
2025-10-10 18:00:00,74.57,100,344.9,62.5,57.5,2616.03,CHEMICAL_FEEDSTOCK,2466.74,SYNTHETIC TRAINING DATA — NOT REAL MARKET DATA
2025-10-11 16:00:00,99.34,800,266.4,69.3,68.4,2659.75,CONSTRUCTION,2805.51,SYNTHETIC TRAINING DATA — NOT REAL MARKET DATA
2025-10-12 07:00:00,79.29,200,143.7,87.4,58.3,2382.46,SYNFUEL,2412.96,SYNTHETIC TRAINING DATA — NOT REAL MARKET DATA
2025-10-13 00:00:00,96.2,25,210.8,50.0,29.0,2686.98,SYNFUEL,3016.41,SYNTHETIC TRAINING DATA — NOT REAL MARKET DATA
2025-10-13 22:00:00,73.03,25,234.7,44.5,43.4,2376.35,FOOD_BEVERAGE,2490.31,SYNTHETIC TRAINING DATA — NOT REAL MARKET DATA
2025-10-14 15:00:00,72.44,100,36.7,20.8,80.2,2467.8,CONSTRUCTION,2293.22,SYNTHETIC TRAINING DATA — NOT REAL MARKET DATA
2025-10-15 11:00:00,66.09,500,195.1,82.0,84.6,2636.21,CONSTRUCTION,2193.8,SYNTHETIC TRAINING DATA — NOT REAL MARKET DATA
2025-10-16 04:00:00,87.74,150,251.2,80.1,30.3,2615.75,SYNFUEL,2813.48,SYNTHETIC TRAINING DATA — NOT REAL MARKET DATA
2025-10-16 22:00:00,77.86,100,66.9,27.8,91.4,2792.42,FOOD_BEVERAGE,2390.26,SYNTHETIC TRAINING DATA — NOT REAL MARKET DATA
2025-10-17 13:00:00,95.17,50,275.4,63.3,44.7,2335.1,SYNFUEL,3004.98,SYNTHETIC TRAINING DATA — NOT REAL MARKET DATA
2025-10-18 07:00:00,81.52,200,208.5,54.8,69.7,2597.39,SYNFUEL,2430.27,SYNTHETIC TRAINING DATA — NOT REAL MARKET DATA
2025-10-19 04:00:00,98.79,300,333.8,28.9,76.4,2565.81,CONSTRUCTION,2863.02,SYNTHETIC TRAINING DATA — NOT REAL MARKET DATA
2025-10-19 22:00:00,71.47,100,24.4,93.5,80.9,2749.06,CHEMICAL_FEEDSTOCK,2375.39,SYNTHETIC TRAINING DATA — NOT REAL MARKET DATA
2025-10-20 17:00:00,95.31,200,100.2,36.1,90.9,2293.82,SYNFUEL,2706.77,SYNTHETIC TRAINING DATA — NOT REAL MARKET DATA
2025-10-21 08:00:00,92.1,800,214.5,25.0,43.5,2651.08,CONSTRUCTION,2523.22,SYNTHETIC TRAINING DATA — NOT REAL MARKET DATA
2025-10-22 02:00:00,91.91,50,110.8,64.6,84.4,2540.96,CONSTRUCTION,2740.12,SYNTHETIC TRAINING DATA — NOT REAL MARKET DATA
2025-10-22 22:00:00,94.48,150,252.9,75.4,29.9,2364.8,FOOD_BEVERAGE,2977.55,SYNTHETIC TRAINING DATA — NOT REAL MARKET DATA
2025-10-23 14:00:00,91.56,100,268.1,22.4,72.9,2484.66,CHEMICAL_FEEDSTOCK,2745.55,SYNTHETIC TRAINING DATA — NOT REAL MARKET DATA
2025-10-24 11:00:00,86.86,200,44.9,69.4,75.6,2400.27,SYNFUEL,2529.48,SYNTHETIC TRAINING DATA — NOT REAL MARKET DATA
2025-10-25 05:00:00,69.58,150,184.7,59.9,70.8,2547.59,CHEMICAL_FEEDSTOCK,2436.79,SYNTHETIC TRAINING DATA — NOT REAL MARKET DATA
2025-10-25 20:00:00,66.14,150,183.0,27.7,38.9,2733.4,OTHER,2395.24,SYNTHETIC TRAINING DATA — NOT REAL MARKET DATA
2025-10-26 16:00:00,97.14,200,135.6,32.9,85.5,2541.58,CONSTRUCTION,2719.11,SYNTHETIC TRAINING DATA — NOT REAL MARKET DATA
2025-10-27 10:00:00,86.52,100,327.2,62.6,32.7,2579.03,FOOD_BEVERAGE,2755.92,SYNTHETIC TRAINING DATA — NOT REAL MARKET DATA
2025-10-28 00:00:00,92.8,500,291.4,42.2,24.0,2511.25,SYNFUEL,2758.48,SYNTHETIC TRAINING DATA — NOT REAL MARKET DATA
2025-10-28 23:00:00,81.81,150,247.1,90.4,73.8,2230.7,CONSTRUCTION,2457.37,SYNTHETIC TRAINING DATA — NOT REAL MARKET DATA
2025-10-29 15:00:00,69.09,50,252.9,81.4,55.7,2339.72,SYNFUEL,2557.22,SYNTHETIC TRAINING DATA — NOT REAL MARKET DATA
2025-10-30 10:00:00,69.37,200,167.0,93.8,83.7,2495.2,CONSTRUCTION,2307.12,SYNTHETIC TRAINING DATA — NOT REAL MARKET DATA
2025-10-31 01:00:00,88.93,200,323.1,39.5,48.8,2386.14,GREENHOUSE,2627.5,SYNTHETIC TRAINING DATA — NOT REAL MARKET DATA
2025-10-31 23:00:00,80.02,100,246.2,92.7,32.6,2309.06,OTHER,2493.39,SYNTHETIC TRAINING DATA — NOT REAL MARKET DATA
2025-11-01 14:00:00,72.0,300,257.9,52.3,82.7,2502.48,CONSTRUCTION,2342.57,SYNTHETIC TRAINING DATA — NOT REAL MARKET DATA
2025-11-02 06:00:00,82.16,500,303.0,46.1,61.2,2393.69,CONSTRUCTION,2320.35,SYNTHETIC TRAINING DATA — NOT REAL MARKET DATA
2025-11-03 05:00:00,67.24,100,103.2,23.8,34.2,2354.86,GREENHOUSE,2350.2,SYNTHETIC TRAINING DATA — NOT REAL MARKET DATA
2025-11-03 18:00:00,85.31,800,284.4,24.0,74.0,2478.39,CONSTRUCTION,2350.8,SYNTHETIC TRAINING DATA — NOT REAL MARKET DATA
2025-11-04 13:00:00,74.39,50,76.4,71.9,58.3,2279.97,SYNFUEL,2415.48,SYNTHETIC TRAINING DATA — NOT REAL MARKET DATA
2025-11-05 11:00:00,92.83,50,127.4,54.3,65.3,2756.65,CONSTRUCTION,2761.46,SYNTHETIC TRAINING DATA — NOT REAL MARKET DATA
2025-11-06 05:00:00,75.83,50,124.1,37.0,54.6,2720.62,SYNFUEL,2481.46,SYNTHETIC TRAINING DATA — NOT REAL MARKET DATA
2025-11-06 21:00:00,80.89,300,342.7,66.0,82.2,2624.57,CONSTRUCTION,2391.98,SYNTHETIC TRAINING DATA — NOT REAL MARKET DATA
2025-11-07 15:00:00,65.41,200,301.2,39.0,82.2,2263.73,CONSTRUCTION,2201.47,SYNTHETIC TRAINING DATA — NOT REAL MARKET DATA
2025-11-08 08:00:00,67.53,50,248.4,63.3,73.2,2665.53,CONSTRUCTION,2418.78,SYNTHETIC TRAINING DATA — NOT REAL MARKET DATA
2025-11-09 01:00:00,78.7,100,257.2,46.9,27.9,2684.77,CHEMICAL_FEEDSTOCK,2541.96,SYNTHETIC TRAINING DATA — NOT REAL MARKET DATA
2025-11-09 19:00:00,81.75,150,201.1,81.8,82.9,2660.66,SYNFUEL,2536.59,SYNTHETIC TRAINING DATA — NOT REAL MARKET DATA
2025-11-10 16:00:00,85.94,25,332.0,81.6,70.3,2268.38,CONSTRUCTION,2602.16,SYNTHETIC TRAINING DATA — NOT REAL MARKET DATA
2025-11-11 10:00:00,75.18,300,178.7,55.8,72.3,2586.34,FOOD_BEVERAGE,2435.19,SYNTHETIC TRAINING DATA — NOT REAL MARKET DATA
2025-11-12 04:00:00,89.25,300,139.4,46.3,47.2,2700.59,CONSTRUCTION,2583.3,SYNTHETIC TRAINING DATA — NOT REAL MARKET DATA
2025-11-12 22:00:00,95.02,150,65.4,47.2,85.9,2546.41,CHEMICAL_FEEDSTOCK,2789.81,SYNTHETIC TRAINING DATA — NOT REAL MARKET DATA
2025-11-13 12:00:00,92.22,800,277.3,80.4,74.4,2587.84,GREENHOUSE,2634.36,SYNTHETIC TRAINING DATA — NOT REAL MARKET DATA
2025-11-14 08:00:00,66.38,100,259.7,44.6,28.4,2475.02,GREENHOUSE,2507.52,SYNTHETIC TRAINING DATA — NOT REAL MARKET DATA
2025-11-15 00:00:00,81.77,800,140.7,35.7,50.6,2517.22,SYNFUEL,2305.94,SYNTHETIC TRAINING DATA — NOT REAL MARKET DATA
2025-11-15 21:00:00,68.66,200,18.6,26.4,86.5,2220.63,SYNFUEL,2222.75,SYNTHETIC TRAINING DATA — NOT REAL MARKET DATA
2025-11-16 14:00:00,73.45,150,295.3,55.0,23.5,2583.38,FOOD_BEVERAGE,2564.58,SYNTHETIC TRAINING DATA — NOT REAL MARKET DATA
2025-11-17 11:00:00,99.43,50,13.9,56.2,92.1,2248.87,FOOD_BEVERAGE,2846.61,SYNTHETIC TRAINING DATA — NOT REAL MARKET DATA
2025-11-18 02:00:00,69.97,300,249.3,83.1,70.9,2461.01,OTHER,2382.29,SYNTHETIC TRAINING DATA — NOT REAL MARKET DATA
2025-11-18 18:00:00,82.41,100,339.9,36.6,67.4,2375.59,GREENHOUSE,2483.01,SYNTHETIC TRAINING DATA — NOT REAL MARKET DATA
2025-11-19 12:00:00,86.57,50,158.8,48.6,40.3,2527.26,CONSTRUCTION,2589.24,SYNTHETIC TRAINING DATA — NOT REAL MARKET DATA
2025-11-20 10:00:00,89.52,25,89.9,80.6,38.7,2280.05,CONSTRUCTION,2701.06,SYNTHETIC TRAINING DATA — NOT REAL MARKET DATA
2025-11-21 03:00:00,84.53,150,249.7,81.8,90.7,2614.99,SYNFUEL,2699.89,SYNTHETIC TRAINING DATA — NOT REAL MARKET DATA
2025-11-21 18:00:00,65.34,150,287.8,48.8,42.4,2677.01,SYNFUEL,2429.81,SYNTHETIC TRAINING DATA — NOT REAL MARKET DATA
2025-11-22 12:00:00,76.39,200,195.8,54.4,78.2,2298.01,CONSTRUCTION,2321.68,SYNTHETIC TRAINING DATA — NOT REAL MARKET DATA
2025-11-23 10:00:00,83.07,300,338.8,42.7,49.5,2262.59,CONSTRUCTION,2410.8,SYNTHETIC TRAINING DATA — NOT REAL MARKET DATA
2025-11-24 00:00:00,68.07,25,27.6,89.9,30.4,2287.31,CONSTRUCTION,2371.43,SYNTHETIC TRAINING DATA — NOT REAL MARKET DATA
2025-11-24 22:00:00,77.24,200,181.6,28.9,20.8,2726.28,FOOD_BEVERAGE,2484.8,SYNTHETIC TRAINING DATA — NOT REAL MARKET DATA
2025-11-25 16:00:00,66.16,50,254.3,90.0,60.8,2516.91,CHEMICAL_FEEDSTOCK,2462.73,SYNTHETIC TRAINING DATA — NOT REAL MARKET DATA
2025-11-26 06:00:00,67.74,300,303.3,71.3,93.2,2480.36,CONSTRUCTION,2349.26,SYNTHETIC TRAINING DATA — NOT REAL MARKET DATA
2025-11-27 00:00:00,78.85,300,70.9,59.9,47.7,2264.03,SYNFUEL,2419.23,SYNTHETIC TRAINING DATA — NOT REAL MARKET DATA
2025-11-27 23:00:00,69.63,150,282.0,22.4,46.8,2589.73,CHEMICAL_FEEDSTOCK,2427.64,SYNTHETIC TRAINING DATA — NOT REAL MARKET DATA
2025-11-28 14:00:00,84.81,200,197.9,55.7,45.8,2720.8,FOOD_BEVERAGE,2510.07,SYNTHETIC TRAINING DATA — NOT REAL MARKET DATA
2025-11-29 08:00:00,89.06,100,144.8,50.6,59.0,2696.91,CONSTRUCTION,2670.84,SYNTHETIC TRAINING DATA — NOT REAL MARKET DATA
2025-11-30 04:00:00,92.94,100,54.8,32.1,53.0,2575.63,OTHER,2766.59,SYNTHETIC TRAINING DATA — NOT REAL MARKET DATA
2025-11-30 23:00:00,71.99,300,304.2,69.2,86.0,2245.17,CHEMICAL_FEEDSTOCK,2358.76,SYNTHETIC TRAINING DATA — NOT REAL MARKET DATA
2025-12-01 17:00:00,70.85,100,63.5,92.8,57.9,2267.44,CONSTRUCTION,2436.81,SYNTHETIC TRAINING DATA — NOT REAL MARKET DATA
2025-12-02 10:00:00,68.65,100,115.3,62.2,58.1,2229.59,CHEMICAL_FEEDSTOCK,2383.88,SYNTHETIC TRAINING DATA — NOT REAL MARKET DATA
2025-12-03 02:00:00,87.21,100,108.6,73.6,30.4,2354.49,CHEMICAL_FEEDSTOCK,2682.57,SYNTHETIC TRAINING DATA — NOT REAL MARKET DATA
2025-12-03 18:00:00,89.66,300,306.3,25.1,93.7,2281.4,GREENHOUSE,2568.86,SYNTHETIC TRAINING DATA — NOT REAL MARKET DATA
2025-12-04 16:00:00,66.1,100,238.7,51.3,38.7,2356.03,CONSTRUCTION,2375.78,SYNTHETIC TRAINING DATA — NOT REAL MARKET DATA
2025-12-05 09:00:00,97.67,50,280.9,28.7,25.5,2431.03,GREENHOUSE,2987.42,SYNTHETIC TRAINING DATA — NOT REAL MARKET DATA
2025-12-06 02:00:00,66.81,200,95.2,66.0,69.7,2765.79,SYNFUEL,2306.29,SYNTHETIC TRAINING DATA — NOT REAL MARKET DATA
2025-12-06 23:00:00,83.89,300,222.5,90.4,64.7,2566.23,GREENHOUSE,2564.37,SYNTHETIC TRAINING DATA — NOT REAL MARKET DATA
2025-12-07 12:00:00,89.75,50,204.4,69.6,51.1,2700.98,SYNFUEL,2838.57,SYNTHETIC TRAINING DATA — NOT REAL MARKET DATA
2025-12-08 08:00:00,95.4,50,293.2,25.8,51.7,2626.21,GREENHOUSE,2874.78,SYNTHETIC TRAINING DATA — NOT REAL MARKET DATA
2025-12-09 00:00:00,89.92,50,318.1,46.6,78.9,2267.5,CHEMICAL_FEEDSTOCK,2686.6,SYNTHETIC TRAINING DATA — NOT REAL MARKET DATA
2025-12-09 20:00:00,92.98,100,14.1,61.3,34.7,2641.55,CHEMICAL_FEEDSTOCK,2840.05,SYNTHETIC TRAINING DATA — NOT REAL MARKET DATA
2025-12-10 12:00:00,76.85,100,239.2,50.2,81.5,2365.06,CONSTRUCTION,2351.8,SYNTHETIC TRAINING DATA — NOT REAL MARKET DATA
2025-12-11 06:00:00,93.44,200,27.6,82.5,68.7,2583.46,GREENHOUSE,2693.0,SYNTHETIC TRAINING DATA — NOT REAL MARKET DATA
2025-12-12 00:00:00,67.8,200,196.6,81.1,51.4,2404.58,SYNFUEL,2410.35,SYNTHETIC TRAINING DATA — NOT REAL MARKET DATA
2025-12-12 21:00:00,96.23,150,107.8,65.9,54.4,2798.6,CHEMICAL_FEEDSTOCK,2875.78,SYNTHETIC TRAINING DATA — NOT REAL MARKET DATA
2025-12-13 16:00:00,84.11,100,114.3,48.0,39.2,2358.13,GREENHOUSE,2513.54,SYNTHETIC TRAINING DATA — NOT REAL MARKET DATA
2025-12-14 09:00:00,93.52,300,130.0,39.2,76.4,2367.48,CHEMICAL_FEEDSTOCK,2644.82,SYNTHETIC TRAINING DATA — NOT REAL MARKET DATA
2025-12-15 05:00:00,80.79,100,221.2,27.9,58.5,2758.4,SYNFUEL,2492.47,SYNTHETIC TRAINING DATA — NOT REAL MARKET DATA
2025-12-15 20:00:00,87.46,800,123.6,46.6,44.1,2214.79,CHEMICAL_FEEDSTOCK,2439.53,SYNTHETIC TRAINING DATA — NOT REAL MARKET DATA
2025-12-16 13:00:00,83.37,150,259.1,51.0,64.7,2618.01,CHEMICAL_FEEDSTOCK,2574.59,SYNTHETIC TRAINING DATA — NOT REAL MARKET DATA
2025-12-17 11:00:00,90.53,50,147.5,70.7,94.7,2635.2,GREENHOUSE,2739.46,SYNTHETIC TRAINING DATA — NOT REAL MARKET DATA
2025-12-18 01:00:00,67.85,200,33.2,69.4,52.6,2701.83,FOOD_BEVERAGE,2365.8,SYNTHETIC TRAINING DATA — NOT REAL MARKET DATA
2025-12-18 23:00:00,67.11,100,276.5,25.3,89.1,2784.66,CONSTRUCTION,2382.44,SYNTHETIC TRAINING DATA — NOT REAL MARKET DATA
2025-12-19 12:00:00,73.62,200,107.2,49.6,45.9,2785.36,OTHER,2355.65,SYNTHETIC TRAINING DATA — NOT REAL MARKET DATA
2025-12-20 11:00:00,70.57,25,157.1,33.6,24.1,2239.17,CONSTRUCTION,2444.5,SYNTHETIC TRAINING DATA — NOT REAL MARKET DATA
2025-12-21 00:00:00,95.43,50,243.1,31.8,35.3,2693.1,SYNFUEL,2928.71,SYNTHETIC TRAINING DATA — NOT REAL MARKET DATA
2025-12-21 23:00:00,72.65,300,123.0,82.0,51.4,2587.79,CHEMICAL_FEEDSTOCK,2441.51,SYNTHETIC TRAINING DATA — NOT REAL MARKET DATA
2025-12-22 15:00:00,99.06,50,29.2,23.1,36.5,2588.41,CHEMICAL_FEEDSTOCK,2862.95,SYNTHETIC TRAINING DATA — NOT REAL MARKET DATA
2025-12-23 11:00:00,76.76,300,137.1,51.4,20.0,2277.01,SYNFUEL,2415.5,SYNTHETIC TRAINING DATA — NOT REAL MARKET DATA
2025-12-24 00:00:00,71.36,100,331.1,32.6,88.6,2590.11,GREENHOUSE,2438.96,SYNTHETIC TRAINING DATA — NOT REAL MARKET DATA
2025-12-24 21:00:00,92.56,150,228.2,85.9,83.3,2789.49,FOOD_BEVERAGE,2862.57,SYNTHETIC TRAINING DATA — NOT REAL MARKET DATA
2025-12-25 17:00:00,87.99,200,238.3,61.8,75.7,2747.09,CHEMICAL_FEEDSTOCK,2595.62,SYNTHETIC TRAINING DATA — NOT REAL MARKET DATA
2025-12-26 09:00:00,82.39,150,225.0,37.4,32.6,2463.48,CONSTRUCTION,2455.98,SYNTHETIC TRAINING DATA — NOT REAL MARKET DATA
2025-12-27 03:00:00,84.38,100,77.7,57.7,29.0,2223.97,FOOD_BEVERAGE,2620.53,SYNTHETIC TRAINING DATA — NOT REAL MARKET DATA
2025-12-27 22:00:00,90.1,50,152.2,74.9,25.1,2417.38,GREENHOUSE,2775.96,SYNTHETIC TRAINING DATA — NOT REAL MARKET DATA
2025-12-28 14:00:00,72.97,25,265.3,91.9,74.3,2695.83,GREENHOUSE,2544.73,SYNTHETIC TRAINING DATA — NOT REAL MARKET DATA
2025-12-29 09:00:00,99.77,100,44.5,36.5,89.7,2620.9,CONSTRUCTION,2870.14,SYNTHETIC TRAINING DATA — NOT REAL MARKET DATA
2025-12-30 03:00:00,99.02,200,104.5,86.5,52.3,2475.61,FOOD_BEVERAGE,2942.06,SYNTHETIC TRAINING DATA — NOT REAL MARKET DATA
2025-12-30 23:00:00,87.7,500,103.9,90.1,28.9,2233.06,CONSTRUCTION,2454.45,SYNTHETIC TRAINING DATA — NOT REAL MARKET DATA
2025-12-31 12:00:00,71.96,300,156.9,88.7,58.4,2456.14,CONSTRUCTION,2393.43,SYNTHETIC TRAINING DATA — NOT REAL MARKET DATA
2026-01-01 07:00:00,88.74,200,343.3,67.7,46.2,2481.41,SYNFUEL,2732.22,SYNTHETIC TRAINING DATA — NOT REAL MARKET DATA
2026-01-02 05:00:00,67.52,200,33.0,67.2,48.1,2757.13,SYNFUEL,2395.84,SYNTHETIC TRAINING DATA — NOT REAL MARKET DATA
2026-01-02 23:00:00,66.07,200,186.4,50.2,66.6,2584.65,CONSTRUCTION,2245.02,SYNTHETIC TRAINING DATA — NOT REAL MARKET DATA
2026-01-03 14:00:00,73.99,100,71.0,76.4,73.9,2386.99,CHEMICAL_FEEDSTOCK,2357.58,SYNTHETIC TRAINING DATA — NOT REAL MARKET DATA
2026-01-04 09:00:00,81.15,500,340.0,59.8,28.3,2515.19,SYNFUEL,2415.8,SYNTHETIC TRAINING DATA — NOT REAL MARKET DATA
2026-01-05 01:00:00,95.3,200,48.5,70.8,22.7,2239.63,FOOD_BEVERAGE,2769.58,SYNTHETIC TRAINING DATA — NOT REAL MARKET DATA
2026-01-05 19:00:00,90.38,150,147.2,52.1,94.6,2783.54,SYNFUEL,2729.05,SYNTHETIC TRAINING DATA — NOT REAL MARKET DATA
2026-01-06 14:00:00,90.92,50,260.9,74.9,37.5,2416.04,CONSTRUCTION,2820.85,SYNTHETIC TRAINING DATA — NOT REAL MARKET DATA
2026-01-07 08:00:00,79.85,100,249.5,81.8,24.0,2486.72,CONSTRUCTION,2502.87,SYNTHETIC TRAINING DATA — NOT REAL MARKET DATA
2026-01-08 03:00:00,77.07,100,153.7,31.0,34.2,2413.17,OTHER,2440.96,SYNTHETIC TRAINING DATA — NOT REAL MARKET DATA
2026-01-08 18:00:00,77.95,300,127.8,82.5,22.9,2609.51,CONSTRUCTION,2414.72,SYNTHETIC TRAINING DATA — NOT REAL MARKET DATA
2026-01-09 17:00:00,99.47,150,145.2,60.5,49.4,2597.34,SYNFUEL,3024.22,SYNTHETIC TRAINING DATA — NOT REAL MARKET DATA
2026-01-10 11:00:00,66.4,100,99.9,83.3,80.2,2629.19,CONSTRUCTION,2287.79,SYNTHETIC TRAINING DATA — NOT REAL MARKET DATA
2026-01-11 04:00:00,95.26,800,79.8,52.3,45.6,2360.89,FOOD_BEVERAGE,2644.33,SYNTHETIC TRAINING DATA — NOT REAL MARKET DATA
2026-01-11 21:00:00,85.2,50,174.2,48.4,53.3,2389.4,OTHER,2563.35,SYNTHETIC TRAINING DATA — NOT REAL MARKET DATA
2026-01-12 13:00:00,80.31,100,101.3,88.6,70.7,2275.15,CHEMICAL_FEEDSTOCK,2457.07,SYNTHETIC TRAINING DATA — NOT REAL MARKET DATA
2026-01-13 10:00:00,90.31,25,107.7,38.8,58.2,2593.31,CHEMICAL_FEEDSTOCK,2702.38,SYNTHETIC TRAINING DATA — NOT REAL MARKET DATA
2026-01-14 04:00:00,81.98,200,233.3,83.3,84.6,2223.88,GREENHOUSE,2390.39,SYNTHETIC TRAINING DATA — NOT REAL MARKET DATA
2026-01-14 18:00:00,95.48,500,339.3,56.3,85.0,2558.61,SYNFUEL,2748.93,SYNTHETIC TRAINING DATA — NOT REAL MARKET DATA
2026-01-15 17:00:00,96.43,100,215.2,58.6,20.7,2721.82,CONSTRUCTION,2985.73,SYNTHETIC TRAINING DATA — NOT REAL MARKET DATA
2026-01-16 10:00:00,79.72,300,36.2,43.1,78.4,2734.5,CHEMICAL_FEEDSTOCK,2272.75,SYNTHETIC TRAINING DATA — NOT REAL MARKET DATA
2026-01-17 05:00:00,74.66,100,35.7,63.0,54.6,2469.42,SYNFUEL,2418.89,SYNTHETIC TRAINING DATA — NOT REAL MARKET DATA
2026-01-17 22:00:00,85.67,500,333.5,44.4,94.2,2475.58,CHEMICAL_FEEDSTOCK,2385.78,SYNTHETIC TRAINING DATA — NOT REAL MARKET DATA
2026-01-18 15:00:00,96.84,200,111.1,22.9,56.2,2246.18,CHEMICAL_FEEDSTOCK,2739.02,SYNTHETIC TRAINING DATA — NOT REAL MARKET DATA
2026-01-19 08:00:00,72.35,300,41.3,40.4,94.0,2602.46,CONSTRUCTION,2213.23,SYNTHETIC TRAINING DATA — NOT REAL MARKET DATA
2026-01-20 05:00:00,86.74,25,213.7,20.5,76.6,2692.76,GREENHOUSE,2586.35,SYNTHETIC TRAINING DATA — NOT REAL MARKET DATA
2026-01-20 23:00:00,87.04,800,222.0,93.4,38.6,2346.79,CHEMICAL_FEEDSTOCK,2540.33,SYNTHETIC TRAINING DATA — NOT REAL MARKET DATA
2026-01-21 12:00:00,90.59,200,230.5,92.4,60.4,2452.78,FOOD_BEVERAGE,2759.49,SYNTHETIC TRAINING DATA — NOT REAL MARKET DATA
2026-01-22 06:00:00,69.59,100,100.9,49.6,94.4,2703.3,SYNFUEL,2410.4,SYNTHETIC TRAINING DATA — NOT REAL MARKET DATA
2026-01-23 02:00:00,89.98,300,15.1,74.6,84.3,2726.27,CONSTRUCTION,2514.88,SYNTHETIC TRAINING DATA — NOT REAL MARKET DATA
2026-01-23 22:00:00,96.73,100,338.1,45.9,27.3,2345.91,SYNFUEL,3076.84,SYNTHETIC TRAINING DATA — NOT REAL MARKET DATA
2026-01-24 17:00:00,71.27,300,95.3,70.3,73.0,2530.34,GREENHOUSE,2334.13,SYNTHETIC TRAINING DATA — NOT REAL MARKET DATA
2026-01-25 06:00:00,73.29,50,239.8,80.4,45.9,2315.5,FOOD_BEVERAGE,2529.18,SYNTHETIC TRAINING DATA — NOT REAL MARKET DATA
2026-01-26 03:00:00,98.9,200,250.3,91.0,20.5,2261.13,CONSTRUCTION,2903.34,SYNTHETIC TRAINING DATA — NOT REAL MARKET DATA
2026-01-26 20:00:00,71.32,150,217.4,50.0,50.3,2746.67,FOOD_BEVERAGE,2543.82,SYNTHETIC TRAINING DATA — NOT REAL MARKET DATA
2026-01-27 17:00:00,94.82,25,116.4,78.7,37.6,2692.3,CONSTRUCTION,2894.35,SYNTHETIC TRAINING DATA — NOT REAL MARKET DATA
2026-01-28 11:00:00,82.18,50,102.2,39.9,81.4,2656.02,OTHER,2420.27,SYNTHETIC TRAINING DATA — NOT REAL MARKET DATA
2026-01-29 05:00:00,73.63,25,213.2,94.3,45.3,2229.26,FOOD_BEVERAGE,2495.99,SYNTHETIC TRAINING DATA — NOT REAL MARKET DATA
2026-01-29 20:00:00,95.39,100,304.5,21.9,82.1,2706.24,GREENHOUSE,2881.02,SYNTHETIC TRAINING DATA — NOT REAL MARKET DATA
2026-01-30 14:00:00,80.54,100,331.9,65.3,20.0,2462.83,CONSTRUCTION,2530.27,SYNTHETIC TRAINING DATA — NOT REAL MARKET DATA
2026-01-31 07:00:00,82.97,150,46.0,69.5,43.1,2405.44,SYNFUEL,2585.01,SYNTHETIC TRAINING DATA — NOT REAL MARKET DATA
2026-02-01 00:00:00,77.54,100,62.6,71.6,38.1,2527.89,CONSTRUCTION,2417.48,SYNTHETIC TRAINING DATA — NOT REAL MARKET DATA
2026-02-01 23:00:00,85.69,100,331.2,29.0,37.5,2254.81,SYNFUEL,2621.1,SYNTHETIC TRAINING DATA — NOT REAL MARKET DATA
2026-02-02 16:00:00,70.71,200,260.4,90.4,25.1,2653.99,CONSTRUCTION,2458.89,SYNTHETIC TRAINING DATA — NOT REAL MARKET DATA
2026-02-03 11:00:00,78.65,25,310.2,33.6,34.0,2549.46,CONSTRUCTION,2469.07,SYNTHETIC TRAINING DATA — NOT REAL MARKET DATA
2026-02-04 05:00:00,98.83,500,78.9,66.7,61.7,2311.95,CONSTRUCTION,2652.65,SYNTHETIC TRAINING DATA — NOT REAL MARKET DATA
2026-02-04 21:00:00,74.01,300,209.8,36.7,41.9,2312.94,SYNFUEL,2402.12,SYNTHETIC TRAINING DATA — NOT REAL MARKET DATA
2026-02-05 16:00:00,87.92,200,248.4,43.0,51.3,2310.55,SYNFUEL,2617.7,SYNTHETIC TRAINING DATA — NOT REAL MARKET DATA
2026-02-06 11:00:00,76.35,150,241.2,61.0,48.3,2234.2,CONSTRUCTION,2505.27,SYNTHETIC TRAINING DATA — NOT REAL MARKET DATA
2026-02-07 05:00:00,91.99,300,148.8,51.3,85.7,2552.68,OTHER,2626.77,SYNTHETIC TRAINING DATA — NOT REAL MARKET DATA
2026-02-07 19:00:00,69.57,50,15.2,32.0,87.9,2704.21,CHEMICAL_FEEDSTOCK,2288.13,SYNTHETIC TRAINING DATA — NOT REAL MARKET DATA
2026-02-08 14:00:00,98.85,25,208.2,32.8,57.0,2210.5,CHEMICAL_FEEDSTOCK,2910.92,SYNTHETIC TRAINING DATA — NOT REAL MARKET DATA
2026-02-09 06:00:00,80.84,50,96.1,51.4,44.8,2229.4,FOOD_BEVERAGE,2456.04,SYNTHETIC TRAINING DATA — NOT REAL MARKET DATA
2026-02-10 05:00:00,73.24,200,163.1,76.8,28.0,2543.66,CONSTRUCTION,2384.23,SYNTHETIC TRAINING DATA — NOT REAL MARKET DATA
2026-02-10 21:00:00,67.57,25,335.6,87.3,91.5,2691.7,CHEMICAL_FEEDSTOCK,2436.97,SYNTHETIC TRAINING DATA — NOT REAL MARKET DATA
2026-02-11 13:00:00,70.92,150,145.7,26.3,24.5,2396.04,CHEMICAL_FEEDSTOCK,2410.43,SYNTHETIC TRAINING DATA — NOT REAL MARKET DATA
2026-02-12 10:00:00,83.14,800,295.5,49.5,42.3,2409.77,SYNFUEL,2361.79,SYNTHETIC TRAINING DATA — NOT REAL MARKET DATA
2026-02-13 03:00:00,76.76,300,74.1,27.5,42.4,2557.81,OTHER,2296.78,SYNTHETIC TRAINING DATA — NOT REAL MARKET DATA
2026-02-13 20:00:00,93.93,150,238.6,21.2,44.0,2364.53,SYNFUEL,2819.5,SYNTHETIC TRAINING DATA — NOT REAL MARKET DATA
2026-02-14 12:00:00,80.04,25,342.2,69.6,32.3,2215.97,CHEMICAL_FEEDSTOCK,2531.29,SYNTHETIC TRAINING DATA — NOT REAL MARKET DATA
2026-02-15 10:00:00,73.68,300,44.6,65.2,78.7,2641.14,SYNFUEL,2347.03,SYNTHETIC TRAINING DATA — NOT REAL MARKET DATA
2026-02-16 03:00:00,86.54,150,12.8,32.2,29.2,2575.39,SYNFUEL,2624.68,SYNTHETIC TRAINING DATA — NOT REAL MARKET DATA
2026-02-16 22:00:00,89.67,50,157.4,37.5,67.6,2548.45,FOOD_BEVERAGE,2705.8,SYNTHETIC TRAINING DATA — NOT REAL MARKET DATA
2026-02-17 15:00:00,70.83,25,41.5,21.8,29.3,2645.01,SYNFUEL,2428.08,SYNTHETIC TRAINING DATA — NOT REAL MARKET DATA
2026-02-18 11:00:00,70.85,500,264.5,82.6,25.3,2605.14,SYNFUEL,2409.83,SYNTHETIC TRAINING DATA — NOT REAL MARKET DATA
2026-02-19 03:00:00,66.28,200,320.9,93.1,88.2,2323.53,CONSTRUCTION,2287.4,SYNTHETIC TRAINING DATA — NOT REAL MARKET DATA
2026-02-19 21:00:00,90.7,300,157.6,30.2,34.3,2411.49,SYNFUEL,2633.49,SYNTHETIC TRAINING DATA — NOT REAL MARKET DATA
2026-02-20 17:00:00,88.17,300,98.0,37.4,81.6,2275.67,SYNFUEL,2521.56,SYNTHETIC TRAINING DATA — NOT REAL MARKET DATA
2026-02-21 08:00:00,81.56,150,157.7,85.1,60.8,2277.91,FOOD_BEVERAGE,2544.44,SYNTHETIC TRAINING DATA — NOT REAL MARKET DATA
2026-02-22 00:00:00,94.46,150,256.0,89.5,25.8,2605.72,FOOD_BEVERAGE,3030.77,SYNTHETIC TRAINING DATA — NOT REAL MARKET DATA
2026-02-22 18:00:00,93.12,100,13.1,51.5,91.7,2715.16,GREENHOUSE,2723.01,SYNTHETIC TRAINING DATA — NOT REAL MARKET DATA
2026-02-23 16:00:00,85.43,100,210.4,23.8,38.5,2777.64,GREENHOUSE,2596.43,SYNTHETIC TRAINING DATA — NOT REAL MARKET DATA
2026-02-24 09:00:00,95.3,100,218.5,23.0,84.5,2577.01,CONSTRUCTION,2826.89,SYNTHETIC TRAINING DATA — NOT REAL MARKET DATA
2026-02-25 04:00:00,72.18,200,226.8,63.0,32.7,2310.46,SYNFUEL,2434.26,SYNTHETIC TRAINING DATA — NOT REAL MARKET DATA
2026-02-25 19:00:00,68.91,150,92.3,49.5,84.0,2263.39,FOOD_BEVERAGE,2328.06,SYNTHETIC TRAINING DATA — NOT REAL MARKET DATA
2026-02-26 12:00:00,74.41,300,252.8,22.1,21.0,2687.71,FOOD_BEVERAGE,2449.65,SYNTHETIC TRAINING DATA — NOT REAL MARKET DATA
2026-02-27 06:00:00,66.99,100,41.1,63.7,58.4,2547.25,FOOD_BEVERAGE,2365.81,SYNTHETIC TRAINING DATA — NOT REAL MARKET DATA
2026-02-28 02:00:00,83.54,150,77.8,20.8,77.7,2570.97,CONSTRUCTION,2450.23,SYNTHETIC TRAINING DATA — NOT REAL MARKET DATA
2026-02-28 21:00:00,97.69,150,308.3,79.1,90.1,2668.88,SYNFUEL,3042.55,SYNTHETIC TRAINING DATA — NOT REAL MARKET DATA
2026-03-01 14:00:00,66.37,150,261.2,43.0,88.2,2621.97,FOOD_BEVERAGE,2380.26,SYNTHETIC TRAINING DATA — NOT REAL MARKET DATA
2026-03-02 08:00:00,69.26,200,14.7,23.0,81.5,2700.67,FOOD_BEVERAGE,2264.55,SYNTHETIC TRAINING DATA — NOT REAL MARKET DATA
2026-03-03 05:00:00,80.78,50,94.4,64.1,86.6,2233.73,OTHER,2400.99,SYNTHETIC TRAINING DATA — NOT REAL MARKET DATA
2026-03-03 20:00:00,97.59,150,82.9,49.8,34.9,2648.51,SYNFUEL,2990.93,SYNTHETIC TRAINING DATA — NOT REAL MARKET DATA
2026-03-04 15:00:00,76.03,50,102.1,93.0,41.3,2710.51,SYNFUEL,2570.01,SYNTHETIC TRAINING DATA — NOT REAL MARKET DATA
2026-03-05 10:00:00,82.7,100,94.2,60.8,41.7,2371.68,SYNFUEL,2588.59,SYNTHETIC TRAINING DATA — NOT REAL MARKET DATA
2026-03-06 02:00:00,66.45,100,31.3,40.6,48.3,2584.27,FOOD_BEVERAGE,2373.9,SYNTHETIC TRAINING DATA — NOT REAL MARKET DATA
2026-03-06 21:00:00,70.18,200,166.0,73.2,49.5,2388.5,SYNFUEL,2420.54,SYNTHETIC TRAINING DATA — NOT REAL MARKET DATA
2026-03-07 17:00:00,99.43,800,259.1,40.4,60.8,2774.78,SYNFUEL,2901.53,SYNTHETIC TRAINING DATA — NOT REAL MARKET DATA
2026-03-08 11:00:00,98.68,150,216.3,87.8,32.0,2220.05,OTHER,3079.33,SYNTHETIC TRAINING DATA — NOT REAL MARKET DATA
2026-03-09 00:00:00,65.17,200,238.8,48.1,71.8,2547.88,SYNFUEL,2302.35,SYNTHETIC TRAINING DATA — NOT REAL MARKET DATA
2026-03-09 23:00:00,98.22,150,37.6,61.2,32.6,2299.9,FOOD_BEVERAGE,3011.28,SYNTHETIC TRAINING DATA — NOT REAL MARKET DATA
2026-03-10 14:00:00,87.31,150,333.5,23.8,43.3,2627.33,CHEMICAL_FEEDSTOCK,2646.65,SYNTHETIC TRAINING DATA — NOT REAL MARKET DATA
2026-03-11 07:00:00,95.29,25,295.1,52.0,57.8,2305.53,FOOD_BEVERAGE,2902.12,SYNTHETIC TRAINING DATA — NOT REAL MARKET DATA
2026-03-12 02:00:00,80.87,100,283.7,82.4,79.7,2341.23,CONSTRUCTION,2464.06,SYNTHETIC TRAINING DATA — NOT REAL MARKET DATA
2026-03-12 23:00:00,82.99,100,289.8,80.4,75.5,2496.62,GREENHOUSE,2573.9,SYNTHETIC TRAINING DATA — NOT REAL MARKET DATA
2026-03-13 14:00:00,82.06,100,327.1,36.8,68.4,2748.9,GREENHOUSE,2496.92,SYNTHETIC TRAINING DATA — NOT REAL MARKET DATA
2026-03-14 07:00:00,88.27,25,195.0,37.0,31.7,2327.03,SYNFUEL,2721.96,SYNTHETIC TRAINING DATA — NOT REAL MARKET DATA
2026-03-15 03:00:00,69.87,50,78.1,81.3,61.0,2286.54,SYNFUEL,2455.28,SYNTHETIC TRAINING DATA — NOT REAL MARKET DATA
2026-03-15 19:00:00,66.05,100,219.7,89.8,26.6,2655.39,CHEMICAL_FEEDSTOCK,2440.83,SYNTHETIC TRAINING DATA — NOT REAL MARKET DATA
2026-03-16 12:00:00,75.75,800,262.6,27.2,48.3,2500.37,CONSTRUCTION,2228.14,SYNTHETIC TRAINING DATA — NOT REAL MARKET DATA
2026-03-17 06:00:00,89.59,100,260.9,53.8,51.0,2747.07,GREENHOUSE,2772.11,SYNTHETIC TRAINING DATA — NOT REAL MARKET DATA
2026-03-18 00:00:00,72.04,100,187.3,45.3,23.0,2287.97,CONSTRUCTION,2456.25,SYNTHETIC TRAINING DATA — NOT REAL MARKET DATA
2026-03-18 18:00:00,88.5,50,33.3,85.3,40.5,2587.56,CONSTRUCTION,2696.19,SYNTHETIC TRAINING DATA — NOT REAL MARKET DATA
2026-03-19 12:00:00,98.85,150,136.2,26.3,91.7,2339.73,SYNFUEL,2943.06,SYNTHETIC TRAINING DATA — NOT REAL MARKET DATA
2026-03-20 09:00:00,68.28,100,323.1,35.8,91.5,2294.06,FOOD_BEVERAGE,2420.24,SYNTHETIC TRAINING DATA — NOT REAL MARKET DATA
2026-03-21 01:00:00,88.47,50,208.7,76.4,46.4,2610.06,OTHER,2778.86,SYNTHETIC TRAINING DATA — NOT REAL MARKET DATA
2026-03-21 20:00:00,80.49,150,193.0,23.8,23.2,2556.21,CHEMICAL_FEEDSTOCK,2473.67,SYNTHETIC TRAINING DATA — NOT REAL MARKET DATA
2026-03-22 17:00:00,95.3,25,101.4,56.9,33.4,2652.9,CONSTRUCTION,2903.43,SYNTHETIC TRAINING DATA — NOT REAL MARKET DATA
2026-03-23 08:00:00,71.18,25,135.3,53.2,49.4,2385.68,SYNFUEL,2481.32,SYNTHETIC TRAINING DATA — NOT REAL MARKET DATA
2026-03-24 04:00:00,89.17,50,314.4,45.1,91.1,2468.78,CONSTRUCTION,2642.92,SYNTHETIC TRAINING DATA — NOT REAL MARKET DATA
2026-03-24 19:00:00,94.25,25,236.6,49.6,30.6,2443.28,CONSTRUCTION,2952.95,SYNTHETIC TRAINING DATA — NOT REAL MARKET DATA
2026-03-25 13:00:00,97.97,50,277.7,59.7,77.3,2790.45,SYNFUEL,3056.12,SYNTHETIC TRAINING DATA — NOT REAL MARKET DATA
2026-03-26 06:00:00,88.85,100,164.5,32.1,28.2,2375.35,CHEMICAL_FEEDSTOCK,2649.14,SYNTHETIC TRAINING DATA — NOT REAL MARKET DATA
2026-03-27 01:00:00,82.35,300,224.3,62.9,93.6,2376.89,CHEMICAL_FEEDSTOCK,2448.56,SYNTHETIC TRAINING DATA — NOT REAL MARKET DATA
2026-03-27 19:00:00,86.56,150,94.5,80.4,48.6,2412.73,CONSTRUCTION,2635.3,SYNTHETIC TRAINING DATA — NOT REAL MARKET DATA
2026-03-28 13:00:00,95.32,150,249.9,77.0,78.1,2538.76,CONSTRUCTION,2899.74,SYNTHETIC TRAINING DATA — NOT REAL MARKET DATA
2026-03-29 06:00:00,84.91,100,155.4,31.5,45.7,2351.39,SYNFUEL,2612.63,SYNTHETIC TRAINING DATA — NOT REAL MARKET DATA
2026-03-30 00:00:00,66.06,500,160.5,31.2,67.1,2749.17,FOOD_BEVERAGE,2206.53,SYNTHETIC TRAINING DATA — NOT REAL MARKET DATA
2026-03-30 20:00:00,97.49,100,230.8,40.1,34.4,2359.41,FOOD_BEVERAGE,2973.46,SYNTHETIC TRAINING DATA — NOT REAL MARKET DATA
2026-03-31 13:00:00,89.06,25,328.3,47.1,31.0,2737.49,CHEMICAL_FEEDSTOCK,2851.87,SYNTHETIC TRAINING DATA — NOT REAL MARKET DATA
2026-04-01 08:00:00,88.61,150,31.8,50.6,90.4,2262.09,SYNFUEL,2588.56,SYNTHETIC TRAINING DATA — NOT REAL MARKET DATA
2026-04-02 03:00:00,72.53,50,290.4,71.0,88.8,2593.94,FOOD_BEVERAGE,2530.74,SYNTHETIC TRAINING DATA — NOT REAL MARKET DATA
2026-04-02 22:00:00,88.0,100,109.4,24.3,86.6,2744.19,OTHER,2575.72,SYNTHETIC TRAINING DATA — NOT REAL MARKET DATA
2026-04-03 12:00:00,78.75,150,160.9,22.6,66.9,2301.25,SYNFUEL,2404.85,SYNTHETIC TRAINING DATA — NOT REAL MARKET DATA
2026-04-04 10:00:00,87.73,300,17.5,49.4,80.6,2781.0,CHEMICAL_FEEDSTOCK,2468.24,SYNTHETIC TRAINING DATA — NOT REAL MARKET DATA
2026-04-05 03:00:00,68.72,100,112.4,72.3,25.2,2471.73,SYNFUEL,2524.59,SYNTHETIC TRAINING DATA — NOT REAL MARKET DATA
2026-04-05 18:00:00,87.96,200,180.9,34.5,45.1,2767.43,CONSTRUCTION,2584.67,SYNTHETIC TRAINING DATA — NOT REAL MARKET DATA
2026-04-06 17:00:00,99.88,800,29.1,68.1,43.5,2606.09,SYNFUEL,2861.74,SYNTHETIC TRAINING DATA — NOT REAL MARKET DATA
2026-04-07 11:00:00,66.68,50,177.0,39.5,67.7,2380.95,CHEMICAL_FEEDSTOCK,2318.34,SYNTHETIC TRAINING DATA — NOT REAL MARKET DATA
2026-04-08 00:00:00,99.1,100,325.2,86.5,46.7,2312.98,CONSTRUCTION,3036.0,SYNTHETIC TRAINING DATA — NOT REAL MARKET DATA
2026-04-08 19:00:00,79.2,100,45.8,87.2,31.1,2382.24,CONSTRUCTION,2450.51,SYNTHETIC TRAINING DATA — NOT REAL MARKET DATA
2026-04-09 16:00:00,95.39,100,269.9,42.3,64.7,2255.81,CHEMICAL_FEEDSTOCK,2927.64,SYNTHETIC TRAINING DATA — NOT REAL MARKET DATA
2026-04-10 10:00:00,92.31,100,149.3,37.2,81.1,2286.32,CHEMICAL_FEEDSTOCK,2716.06,SYNTHETIC TRAINING DATA — NOT REAL MARKET DATA
2026-04-11 01:00:00,84.79,500,232.8,50.8,48.7,2262.8,CONSTRUCTION,2394.86,SYNTHETIC TRAINING DATA — NOT REAL MARKET DATA
2026-04-11 19:00:00,90.77,200,98.5,38.0,29.9,2453.77,SYNFUEL,2715.74,SYNTHETIC TRAINING DATA — NOT REAL MARKET DATA
2026-04-12 14:00:00,95.66,150,64.2,70.4,34.8,2677.35,SYNFUEL,2957.91,SYNTHETIC TRAINING DATA — NOT REAL MARKET DATA
2026-04-13 08:00:00,79.1,100,64.6,82.0,37.8,2284.83,GREENHOUSE,2446.87,SYNTHETIC TRAINING DATA — NOT REAL MARKET DATA
2026-04-14 03:00:00,76.41,300,34.0,70.5,42.5,2278.19,SYNFUEL,2392.3,SYNTHETIC TRAINING DATA — NOT REAL MARKET DATA
2026-04-14 20:00:00,88.3,800,73.1,81.8,68.2,2586.06,FOOD_BEVERAGE,2482.82,SYNTHETIC TRAINING DATA — NOT REAL MARKET DATA
2026-04-15 14:00:00,93.19,300,235.8,49.8,65.1,2318.31,GREENHOUSE,2732.21,SYNTHETIC TRAINING DATA — NOT REAL MARKET DATA
2026-04-16 10:00:00,91.6,25,309.8,31.7,72.2,2258.57,CHEMICAL_FEEDSTOCK,2739.06,SYNTHETIC TRAINING DATA — NOT REAL MARKET DATA
2026-04-17 00:00:00,92.84,150,286.8,75.3,47.2,2300.11,CHEMICAL_FEEDSTOCK,2881.44,SYNTHETIC TRAINING DATA — NOT REAL MARKET DATA
2026-04-17 19:00:00,80.2,25,242.9,47.0,81.8,2754.24,CONSTRUCTION,2427.47,SYNTHETIC TRAINING DATA — NOT REAL MARKET DATA
2026-04-18 16:00:00,93.54,100,47.5,70.3,35.3,2692.88,GREENHOUSE,2885.61,SYNTHETIC TRAINING DATA — NOT REAL MARKET DATA
2026-04-19 11:00:00,69.2,25,108.3,40.3,55.2,2412.44,GREENHOUSE,2387.27,SYNTHETIC TRAINING DATA — NOT REAL MARKET DATA
2026-04-20 03:00:00,84.0,150,115.3,26.1,80.1,2593.49,FOOD_BEVERAGE,2543.58,SYNTHETIC TRAINING DATA — NOT REAL MARKET DATA
2026-04-20 21:00:00,65.2,200,95.0,94.4,33.5,2522.37,SYNFUEL,2320.47,SYNTHETIC TRAINING DATA — NOT REAL MARKET DATA
2026-04-21 12:00:00,76.33,50,185.1,31.7,28.2,2606.27,CONSTRUCTION,2432.02,SYNTHETIC TRAINING DATA — NOT REAL MARKET DATA
2026-04-22 08:00:00,77.79,100,192.1,94.1,86.3,2609.6,CHEMICAL_FEEDSTOCK,2432.69,SYNTHETIC TRAINING DATA — NOT REAL MARKET DATA
2026-04-23 03:00:00,78.83,100,131.3,93.3,45.7,2577.24,CONSTRUCTION,2455.36,SYNTHETIC TRAINING DATA — NOT REAL MARKET DATA
2026-04-23 19:00:00,89.27,100,130.3,79.5,71.3,2359.66,SYNFUEL,2695.4,SYNTHETIC TRAINING DATA — NOT REAL MARKET DATA
2026-04-24 13:00:00,78.56,50,291.7,69.5,21.9,2223.4,SYNFUEL,2540.88,SYNTHETIC TRAINING DATA — NOT REAL MARKET DATA
2026-04-25 08:00:00,80.66,100,278.4,63.3,71.8,2473.34,FOOD_BEVERAGE,2515.46,SYNTHETIC TRAINING DATA — NOT REAL MARKET DATA
2026-04-26 00:00:00,73.29,200,114.7,85.0,43.7,2734.58,CONSTRUCTION,2395.94,SYNTHETIC TRAINING DATA — NOT REAL MARKET DATA
2026-04-26 19:00:00,78.03,25,320.7,41.7,24.2,2541.7,CHEMICAL_FEEDSTOCK,2568.74,SYNTHETIC TRAINING DATA — NOT REAL MARKET DATA
2026-04-27 13:00:00,72.93,25,334.0,55.1,65.7,2699.43,CHEMICAL_FEEDSTOCK,2487.16,SYNTHETIC TRAINING DATA — NOT REAL MARKET DATA
2026-04-28 07:00:00,67.55,100,121.1,66.5,38.1,2794.97,GREENHOUSE,2443.08,SYNTHETIC TRAINING DATA — NOT REAL MARKET DATA
2026-04-29 00:00:00,86.06,500,130.5,50.8,49.0,2298.17,FOOD_BEVERAGE,2445.57,SYNTHETIC TRAINING DATA — NOT REAL MARKET DATA
2026-04-29 23:00:00,88.32,200,181.9,52.1,26.0,2615.07,CHEMICAL_FEEDSTOCK,2657.06,SYNTHETIC TRAINING DATA — NOT REAL MARKET DATA
2026-04-30 15:00:00,86.62,200,330.0,44.8,31.0,2604.58,SYNFUEL,2693.34,SYNTHETIC TRAINING DATA — NOT REAL MARKET DATA
2026-05-01 10:00:00,81.18,100,307.9,62.3,42.3,2787.97,CHEMICAL_FEEDSTOCK,2620.2,SYNTHETIC TRAINING DATA — NOT REAL MARKET DATA
2026-05-02 04:00:00,78.25,150,44.9,83.8,26.7,2791.36,GREENHOUSE,2492.4,SYNTHETIC TRAINING DATA — NOT REAL MARKET DATA
2026-05-02 20:00:00,95.13,25,143.5,35.1,88.3,2612.01,CONSTRUCTION,2813.28,SYNTHETIC TRAINING DATA — NOT REAL MARKET DATA
2026-05-03 12:00:00,83.12,150,198.1,90.1,20.5,2346.17,CONSTRUCTION,2577.73,SYNTHETIC TRAINING DATA — NOT REAL MARKET DATA
2026-05-04 09:00:00,81.72,500,181.1,71.7,56.3,2679.13,CONSTRUCTION,2366.71,SYNTHETIC TRAINING DATA — NOT REAL MARKET DATA
2026-05-05 03:00:00,65.89,150,75.9,81.7,29.2,2264.22,CHEMICAL_FEEDSTOCK,2406.6,SYNTHETIC TRAINING DATA — NOT REAL MARKET DATA
2026-05-05 22:00:00,76.91,300,302.0,61.7,43.1,2668.42,FOOD_BEVERAGE,2521.24,SYNTHETIC TRAINING DATA — NOT REAL MARKET DATA
2026-05-06 14:00:00,78.27,200,240.2,78.5,89.5,2746.12,CONSTRUCTION,2372.62,SYNTHETIC TRAINING DATA — NOT REAL MARKET DATA
2026-05-07 06:00:00,78.92,50,294.9,21.2,32.1,2429.7,SYNFUEL,2519.32,SYNTHETIC TRAINING DATA — NOT REAL MARKET DATA
2026-05-08 01:00:00,85.25,500,302.0,81.4,92.4,2578.38,SYNFUEL,2491.18,SYNTHETIC TRAINING DATA — NOT REAL MARKET DATA
2026-05-08 20:00:00,83.62,25,264.4,23.0,35.4,2458.09,CONSTRUCTION,2502.93,SYNTHETIC TRAINING DATA — NOT REAL MARKET DATA
2026-05-09 15:00:00,86.22,150,159.3,86.7,75.6,2462.66,GREENHOUSE,2649.67,SYNTHETIC TRAINING DATA — NOT REAL MARKET DATA
2026-05-10 09:00:00,91.69,50,217.6,94.4,61.0,2386.22,CHEMICAL_FEEDSTOCK,2850.09,SYNTHETIC TRAINING DATA — NOT REAL MARKET DATA
2026-05-11 02:00:00,93.37,25,64.5,42.1,86.3,2657.28,GREENHOUSE,2736.79,SYNTHETIC TRAINING DATA — NOT REAL MARKET DATA
2026-05-11 23:00:00,90.06,100,239.0,35.8,61.5,2761.71,FOOD_BEVERAGE,2766.38,SYNTHETIC TRAINING DATA — NOT REAL MARKET DATA
2026-05-12 15:00:00,98.35,100,70.9,77.4,60.1,2764.45,SYNFUEL,3080.38,SYNTHETIC TRAINING DATA — NOT REAL MARKET DATA
2026-05-13 07:00:00,65.64,100,245.9,39.0,34.7,2304.87,SYNFUEL,2367.58,SYNTHETIC TRAINING DATA — NOT REAL MARKET DATA
2026-05-14 00:00:00,71.83,150,88.1,84.9,32.5,2724.85,SYNFUEL,2500.27,SYNTHETIC TRAINING DATA — NOT REAL MARKET DATA
2026-05-14 18:00:00,65.26,25,50.0,27.7,88.7,2642.46,FOOD_BEVERAGE,2281.64,SYNTHETIC TRAINING DATA — NOT REAL MARKET DATA
2026-05-15 13:00:00,87.6,50,66.2,29.4,44.6,2351.7,SYNFUEL,2602.36,SYNTHETIC TRAINING DATA — NOT REAL MARKET DATA
2026-05-16 06:00:00,96.34,150,10.7,93.4,47.9,2240.37,CHEMICAL_FEEDSTOCK,2882.84,SYNTHETIC TRAINING DATA — NOT REAL MARKET DATA
2026-05-17 01:00:00,73.5,100,254.4,70.5,77.0,2360.8,CONSTRUCTION,2436.15,SYNTHETIC TRAINING DATA — NOT REAL MARKET DATA
2026-05-17 19:00:00,97.35,200,259.0,83.5,45.4,2747.32,FOOD_BEVERAGE,2986.29,SYNTHETIC TRAINING DATA — NOT REAL MARKET DATA
2026-05-18 13:00:00,67.1,200,185.1,44.3,91.4,2579.91,SYNFUEL,2269.1,SYNTHETIC TRAINING DATA — NOT REAL MARKET DATA
2026-05-19 11:00:00,97.61,300,64.9,70.7,75.3,2632.63,CHEMICAL_FEEDSTOCK,2808.11,SYNTHETIC TRAINING DATA — NOT REAL MARKET DATA
2026-05-20 00:00:00,77.27,200,38.4,64.6,64.8,2354.29,CONSTRUCTION,2269.91,SYNTHETIC TRAINING DATA — NOT REAL MARKET DATA
2026-05-20 21:00:00,68.54,100,16.5,65.2,86.1,2631.63,CONSTRUCTION,2298.42,SYNTHETIC TRAINING DATA — NOT REAL MARKET DATA
2026-05-21 14:00:00,81.96,200,66.4,71.2,23.7,2216.87,FOOD_BEVERAGE,2460.33,SYNTHETIC TRAINING DATA — NOT REAL MARKET DATA
2026-05-22 11:00:00,73.96,100,312.9,63.2,39.3,2425.19,SYNFUEL,2592.73,SYNTHETIC TRAINING DATA — NOT REAL MARKET DATA
2026-05-23 00:00:00,74.94,100,92.1,52.2,54.9,2576.05,FOOD_BEVERAGE,2463.09,SYNTHETIC TRAINING DATA — NOT REAL MARKET DATA
2026-05-23 20:00:00,75.72,200,130.5,40.7,37.0,2287.66,CONSTRUCTION,2306.93,SYNTHETIC TRAINING DATA — NOT REAL MARKET DATA
2026-05-24 17:00:00,93.03,100,45.8,77.6,75.8,2693.8,CONSTRUCTION,2790.71,SYNTHETIC TRAINING DATA — NOT REAL MARKET DATA
2026-05-25 11:00:00,83.82,200,85.6,37.0,88.9,2341.02,CONSTRUCTION,2321.79,SYNTHETIC TRAINING DATA — NOT REAL MARKET DATA
2026-05-26 04:00:00,75.86,300,186.5,71.9,51.8,2591.37,CHEMICAL_FEEDSTOCK,2443.56,SYNTHETIC TRAINING DATA — NOT REAL MARKET DATA
2026-05-26 19:00:00,86.3,300,216.6,37.5,45.7,2443.12,SYNFUEL,2565.15,SYNTHETIC TRAINING DATA — NOT REAL MARKET DATA
2026-05-27 13:00:00,89.99,500,93.4,66.9,92.1,2557.63,CONSTRUCTION,2477.23,SYNTHETIC TRAINING DATA — NOT REAL MARKET DATA
2026-05-28 10:00:00,74.51,100,29.6,76.0,53.4,2264.47,CONSTRUCTION,2430.54,SYNTHETIC TRAINING DATA — NOT REAL MARKET DATA
2026-05-29 05:00:00,79.43,100,143.0,36.4,56.7,2210.15,CONSTRUCTION,2293.2,SYNTHETIC TRAINING DATA — NOT REAL MARKET DATA
2026-05-29 21:00:00,69.25,150,89.6,24.5,46.4,2745.74,CHEMICAL_FEEDSTOCK,2346.1,SYNTHETIC TRAINING DATA — NOT REAL MARKET DATA
2026-05-30 15:00:00,71.32,100,84.6,29.8,88.2,2361.78,GREENHOUSE,2360.75,SYNTHETIC TRAINING DATA — NOT REAL MARKET DATA
2026-05-31 07:00:00,88.77,150,336.4,65.4,62.7,2691.81,CONSTRUCTION,2736.15,SYNTHETIC TRAINING DATA — NOT REAL MARKET DATA
2026-06-01 04:00:00,71.33,200,219.5,83.7,77.2,2799.61,SYNFUEL,2428.74,SYNTHETIC TRAINING DATA — NOT REAL MARKET DATA
2026-06-01 19:00:00,83.33,200,199.3,23.4,80.9,2326.86,CHEMICAL_FEEDSTOCK,2401.72,SYNTHETIC TRAINING DATA — NOT REAL MARKET DATA
2026-06-02 13:00:00,89.75,100,151.4,75.1,45.6,2359.1,FOOD_BEVERAGE,2811.53,SYNTHETIC TRAINING DATA — NOT REAL MARKET DATA
2026-06-03 08:00:00,68.73,50,155.8,45.6,52.5,2597.72,FOOD_BEVERAGE,2475.75,SYNTHETIC TRAINING DATA — NOT REAL MARKET DATA
2026-06-04 03:00:00,84.8,100,193.9,55.9,83.6,2779.27,CONSTRUCTION,2584.02,SYNTHETIC TRAINING DATA — NOT REAL MARKET DATA
2026-06-04 19:00:00,73.95,50,246.8,89.7,47.2,2749.49,GREENHOUSE,2584.86,SYNTHETIC TRAINING DATA — NOT REAL MARKET DATA
2026-06-05 12:00:00,98.61,300,248.7,44.9,79.5,2501.73,CHEMICAL_FEEDSTOCK,2893.79,SYNTHETIC TRAINING DATA — NOT REAL MARKET DATA
2026-06-06 09:00:00,81.88,100,68.4,54.9,90.6,2677.07,CHEMICAL_FEEDSTOCK,2425.69,SYNTHETIC TRAINING DATA — NOT REAL MARKET DATA
2026-06-07 01:00:00,93.13,50,180.0,21.0,66.7,2281.45,GREENHOUSE,2745.57,SYNTHETIC TRAINING DATA — NOT REAL MARKET DATA
2026-06-07 21:00:00,84.2,25,150.1,26.1,75.6,2786.46,GREENHOUSE,2538.97,SYNTHETIC TRAINING DATA — NOT REAL MARKET DATA
2026-06-08 12:00:00,66.52,150,306.0,39.4,80.4,2778.61,CONSTRUCTION,2348.79,SYNTHETIC TRAINING DATA — NOT REAL MARKET DATA
2026-06-09 08:00:00,87.1,150,224.7,22.1,83.4,2298.24,GREENHOUSE,2633.7,SYNTHETIC TRAINING DATA — NOT REAL MARKET DATA
2026-06-10 03:00:00,98.2,100,191.1,67.4,49.6,2379.65,SYNFUEL,3070.36,SYNTHETIC TRAINING DATA — NOT REAL MARKET DATA
2026-06-10 18:00:00,86.0,25,49.2,52.0,23.8,2260.09,GREENHOUSE,2605.23,SYNTHETIC TRAINING DATA — NOT REAL MARKET DATA
2026-06-11 14:00:00,93.59,100,215.9,61.1,50.1,2363.03,CHEMICAL_FEEDSTOCK,2815.09,SYNTHETIC TRAINING DATA — NOT REAL MARKET DATA
2026-06-12 06:00:00,95.86,100,49.8,33.1,70.5,2689.57,SYNFUEL,2867.13,SYNTHETIC TRAINING DATA — NOT REAL MARKET DATA
2026-06-13 00:00:00,72.96,200,124.7,42.2,53.8,2426.99,SYNFUEL,2375.19,SYNTHETIC TRAINING DATA — NOT REAL MARKET DATA
2026-06-13 23:00:00,72.4,150,58.6,69.8,76.2,2253.04,CHEMICAL_FEEDSTOCK,2355.07,SYNTHETIC TRAINING DATA — NOT REAL MARKET DATA
2026-06-14 13:00:00,86.32,100,245.3,92.4,46.8,2405.34,CHEMICAL_FEEDSTOCK,2723.87,SYNTHETIC TRAINING DATA — NOT REAL MARKET DATA
2026-06-15 10:00:00,79.34,50,80.1,23.8,67.6,2788.83,CHEMICAL_FEEDSTOCK,2349.68,SYNTHETIC TRAINING DATA — NOT REAL MARKET DATA
2026-06-16 01:00:00,94.31,800,143.2,86.8,34.0,2577.81,SYNFUEL,2756.61,SYNTHETIC TRAINING DATA — NOT REAL MARKET DATA
2026-06-16 22:00:00,96.41,100,314.5,63.3,76.2,2449.7,CHEMICAL_FEEDSTOCK,2948.75,SYNTHETIC TRAINING DATA — NOT REAL MARKET DATA
2026-06-17 16:00:00,77.33,200,79.5,62.3,60.9,2299.92,CONSTRUCTION,2296.31,SYNTHETIC TRAINING DATA — NOT REAL MARKET DATA
2026-06-18 09:00:00,73.27,50,182.7,57.5,35.3,2791.71,CHEMICAL_FEEDSTOCK,2530.77,SYNTHETIC TRAINING DATA — NOT REAL MARKET DATA
2026-06-19 02:00:00,92.24,100,152.6,25.2,41.9,2692.51,CHEMICAL_FEEDSTOCK,2726.05,SYNTHETIC TRAINING DATA — NOT REAL MARKET DATA
2026-06-19 20:00:00,74.59,25,16.2,26.7,76.1,2368.89,FOOD_BEVERAGE,2328.82,SYNTHETIC TRAINING DATA — NOT REAL MARKET DATA
2026-06-20 14:00:00,93.71,150,279.5,65.1,56.2,2242.04,GREENHOUSE,2817.97,SYNTHETIC TRAINING DATA — NOT REAL MARKET DATA
2026-06-21 11:00:00,79.79,800,33.5,45.6,36.2,2233.98,FOOD_BEVERAGE,2319.31,SYNTHETIC TRAINING DATA — NOT REAL MARKET DATA
2026-06-22 04:00:00,88.3,100,171.2,88.8,92.5,2272.23,CHEMICAL_FEEDSTOCK,2678.42,SYNTHETIC TRAINING DATA — NOT REAL MARKET DATA
2026-06-22 23:00:00,68.33,25,200.6,50.5,73.6,2548.46,FOOD_BEVERAGE,2459.88,SYNTHETIC TRAINING DATA — NOT REAL MARKET DATA
2026-06-23 12:00:00,86.77,25,223.7,30.7,91.8,2757.26,SYNFUEL,2684.85,SYNTHETIC TRAINING DATA — NOT REAL MARKET DATA
2026-06-24 10:00:00,80.77,100,244.1,73.6,52.0,2498.05,SYNFUEL,2600.67,SYNTHETIC TRAINING DATA — NOT REAL MARKET DATA
2026-06-25 05:00:00,85.47,50,96.1,42.0,55.6,2705.77,CHEMICAL_FEEDSTOCK,2580.4,SYNTHETIC TRAINING DATA — NOT REAL MARKET DATA
2026-06-25 19:00:00,70.86,25,13.4,59.4,87.3,2467.53,FOOD_BEVERAGE,2397.18,SYNTHETIC TRAINING DATA — NOT REAL MARKET DATA
2026-06-26 12:00:00,90.72,200,256.0,72.3,59.4,2625.15,SYNFUEL,2723.3,SYNTHETIC TRAINING DATA — NOT REAL MARKET DATA
2026-06-27 10:00:00,95.11,100,192.1,87.5,73.0,2639.12,SYNFUEL,2900.08,SYNTHETIC TRAINING DATA — NOT REAL MARKET DATA
2026-06-28 03:00:00,72.56,100,294.3,79.4,38.9,2304.38,SYNFUEL,2570.69,SYNTHETIC TRAINING DATA — NOT REAL MARKET DATA
2026-06-28 23:00:00,68.34,500,289.3,70.7,53.5,2416.73,GREENHOUSE,2341.02,SYNTHETIC TRAINING DATA — NOT REAL MARKET DATA
2026-06-29 12:00:00,65.82,50,296.7,71.0,29.3,2582.38,CONSTRUCTION,2461.49,SYNTHETIC TRAINING DATA — NOT REAL MARKET DATA
2026-06-30 10:00:00,87.4,800,174.9,90.9,35.4,2242.42,CHEMICAL_FEEDSTOCK,2515.27,SYNTHETIC TRAINING DATA — NOT REAL MARKET DATA
2026-07-01 01:00:00,86.19,100,123.4,42.2,20.1,2416.92,CONSTRUCTION,2631.46,SYNTHETIC TRAINING DATA — NOT REAL MARKET DATA
2026-07-01 18:00:00,84.08,300,279.1,20.1,22.9,2520.88,CONSTRUCTION,2460.6,SYNTHETIC TRAINING DATA — NOT REAL MARKET DATA
2026-07-02 12:00:00,73.09,150,163.4,40.4,93.3,2797.73,CONSTRUCTION,2385.77,SYNTHETIC TRAINING DATA — NOT REAL MARKET DATA
2026-07-03 10:00:00,78.64,300,72.4,36.3,38.2,2484.72,SYNFUEL,2357.47,SYNTHETIC TRAINING DATA — NOT REAL MARKET DATA
2026-07-04 03:00:00,85.75,800,300.7,69.6,69.7,2689.63,GREENHOUSE,2454.46,SYNTHETIC TRAINING DATA — NOT REAL MARKET DATA
2026-07-04 21:00:00,82.34,100,310.1,67.5,82.9,2459.24,CHEMICAL_FEEDSTOCK,2537.81,SYNTHETIC TRAINING DATA — NOT REAL MARKET DATA
2026-07-05 14:00:00,99.47,800,168.5,64.5,61.3,2677.83,CONSTRUCTION,2775.01,SYNTHETIC TRAINING DATA — NOT REAL MARKET DATA
2026-07-06 11:00:00,69.76,100,35.7,21.2,31.5,2557.25,SYNFUEL,2403.56,SYNTHETIC TRAINING DATA — NOT REAL MARKET DATA
2026-07-07 02:00:00,89.26,100,141.9,74.7,74.6,2731.96,CHEMICAL_FEEDSTOCK,2701.77,SYNTHETIC TRAINING DATA — NOT REAL MARKET DATA
2026-07-07 22:00:00,79.11,100,283.2,44.3,65.0,2446.57,CHEMICAL_FEEDSTOCK,2471.81,SYNTHETIC TRAINING DATA — NOT REAL MARKET DATA
2026-07-08 14:00:00,79.94,150,316.6,69.9,74.8,2562.58,CONSTRUCTION,2431.86,SYNTHETIC TRAINING DATA — NOT REAL MARKET DATA
2026-07-09 08:00:00,90.04,50,79.2,61.7,77.7,2578.01,SYNFUEL,2736.44,SYNTHETIC TRAINING DATA — NOT REAL MARKET DATA
2026-07-10 02:00:00,89.17,150,32.8,45.7,93.2,2450.43,FOOD_BEVERAGE,2607.68,SYNTHETIC TRAINING DATA — NOT REAL MARKET DATA
2026-07-10 19:00:00,99.59,150,308.3,30.1,63.0,2286.59,SYNFUEL,3021.62,SYNTHETIC TRAINING DATA — NOT REAL MARKET DATA
2026-07-11 16:00:00,69.48,200,142.4,27.1,45.6,2256.14,CONSTRUCTION,2269.4,SYNTHETIC TRAINING DATA — NOT REAL MARKET DATA
2026-07-12 09:00:00,68.63,300,194.2,82.4,68.6,2210.0,FOOD_BEVERAGE,2324.58,SYNTHETIC TRAINING DATA — NOT REAL MARKET DATA
2026-07-13 01:00:00,90.28,100,339.1,88.9,25.1,2724.12,CONSTRUCTION,2850.58,SYNTHETIC TRAINING DATA — NOT REAL MARKET DATA
2026-07-13 23:00:00,85.19,100,32.6,68.7,87.3,2341.88,FOOD_BEVERAGE,2534.67,SYNTHETIC TRAINING DATA — NOT REAL MARKET DATA
2026-07-14 14:00:00,74.57,100,230.4,27.8,29.0,2326.9,CONSTRUCTION,2432.75,SYNTHETIC TRAINING DATA — NOT REAL MARKET DATA
2026-07-15 09:00:00,67.77,50,35.2,50.2,44.6,2641.62,CHEMICAL_FEEDSTOCK,2326.52,SYNTHETIC TRAINING DATA — NOT REAL MARKET DATA
2026-07-16 05:00:00,67.99,25,137.7,74.7,81.2,2392.01,FOOD_BEVERAGE,2414.8,SYNTHETIC TRAINING DATA — NOT REAL MARKET DATA
2026-07-16 21:00:00,96.21,100,283.3,78.5,64.8,2503.63,CHEMICAL_FEEDSTOCK,2924.42,SYNTHETIC TRAINING DATA — NOT REAL MARKET DATA
2026-07-17 12:00:00,71.7,100,157.4,28.9,49.5,2297.51,CONSTRUCTION,2328.26,SYNTHETIC TRAINING DATA — NOT REAL MARKET DATA
2026-07-18 11:00:00,76.29,800,349.0,20.0,55.5,2775.85,FOOD_BEVERAGE,2299.33,SYNTHETIC TRAINING DATA — NOT REAL MARKET DATA
2026-07-19 03:00:00,72.91,150,200.1,73.4,84.1,2710.95,CHEMICAL_FEEDSTOCK,2481.93,SYNTHETIC TRAINING DATA — NOT REAL MARKET DATA
2026-07-19 20:00:00,77.39,100,119.2,46.7,45.5,2718.27,CHEMICAL_FEEDSTOCK,2420.04,SYNTHETIC TRAINING DATA — NOT REAL MARKET DATA
2026-07-20 12:00:00,67.42,150,84.8,39.1,85.2,2444.06,CONSTRUCTION,2276.17,SYNTHETIC TRAINING DATA — NOT REAL MARKET DATA
2026-07-21 10:00:00,83.12,50,129.2,21.0,26.6,2657.42,FOOD_BEVERAGE,2552.58,SYNTHETIC TRAINING DATA — NOT REAL MARKET DATA
2026-07-22 03:00:00,67.36,100,136.7,60.5,78.3,2286.33,GREENHOUSE,2344.64,SYNTHETIC TRAINING DATA — NOT REAL MARKET DATA
2026-07-22 21:00:00,92.93,150,33.4,83.8,83.6,2205.17,CONSTRUCTION,2697.14,SYNTHETIC TRAINING DATA — NOT REAL MARKET DATA
2026-07-23 17:00:00,73.16,100,135.7,91.8,33.6,2211.98,CONSTRUCTION,2426.93,SYNTHETIC TRAINING DATA — NOT REAL MARKET DATA
2026-07-24 10:00:00,83.85,100,167.8,62.4,52.3,2551.96,GREENHOUSE,2552.74,SYNTHETIC TRAINING DATA — NOT REAL MARKET DATA
2026-07-25 00:00:00,95.71,800,255.7,58.6,32.4,2473.24,SYNFUEL,2853.12,SYNTHETIC TRAINING DATA — NOT REAL MARKET DATA
2026-07-25 19:00:00,87.72,300,233.3,26.4,73.0,2510.81,SYNFUEL,2561.78,SYNTHETIC TRAINING DATA — NOT REAL MARKET DATA
2026-07-26 13:00:00,83.6,150,251.0,61.2,60.2,2204.48,FOOD_BEVERAGE,2597.87,SYNTHETIC TRAINING DATA — NOT REAL MARKET DATA
2026-07-27 10:00:00,76.32,150,12.8,48.5,67.6,2453.61,FOOD_BEVERAGE,2428.53,SYNTHETIC TRAINING DATA — NOT REAL MARKET DATA
2026-07-28 00:00:00,76.62,150,84.0,65.5,34.7,2630.84,GREENHOUSE,2473.92,SYNTHETIC TRAINING DATA — NOT REAL MARKET DATA
2026-07-28 21:00:00,88.37,50,235.0,49.2,35.9,2465.62,CHEMICAL_FEEDSTOCK,2747.95,SYNTHETIC TRAINING DATA — NOT REAL MARKET DATA
2026-07-29 16:00:00,99.7,100,174.6,38.0,23.1,2639.33,SYNFUEL,3134.79,SYNTHETIC TRAINING DATA — NOT REAL MARKET DATA
2026-07-30 11:00:00,88.1,25,11.8,27.1,44.2,2339.81,CHEMICAL_FEEDSTOCK,2527.64,SYNTHETIC TRAINING DATA — NOT REAL MARKET DATA
2026-07-31 02:00:00,84.47,100,283.5,43.6,62.0,2687.89,SYNFUEL,2690.06,SYNTHETIC TRAINING DATA — NOT REAL MARKET DATA
2026-07-31 22:00:00,90.5,150,272.8,27.2,84.3,2553.06,CHEMICAL_FEEDSTOCK,2731.82,SYNTHETIC TRAINING DATA — NOT REAL MARKET DATA
2026-08-01 12:00:00,81.24,50,196.5,33.3,70.0,2326.46,FOOD_BEVERAGE,2434.86,SYNTHETIC TRAINING DATA — NOT REAL MARKET DATA
2026-08-02 11:00:00,67.1,800,32.6,94.1,52.7,2342.03,SYNFUEL,2232.21,SYNTHETIC TRAINING DATA — NOT REAL MARKET DATA
2026-08-03 00:00:00,84.62,500,270.6,53.3,91.5,2576.82,FOOD_BEVERAGE,2440.12,SYNTHETIC TRAINING DATA — NOT REAL MARKET DATA
2026-08-03 20:00:00,98.42,200,208.5,59.9,73.9,2697.96,CHEMICAL_FEEDSTOCK,2883.65,SYNTHETIC TRAINING DATA — NOT REAL MARKET DATA
2026-08-04 16:00:00,71.12,150,275.9,85.5,89.8,2449.38,CONSTRUCTION,2441.73,SYNTHETIC TRAINING DATA — NOT REAL MARKET DATA
2026-08-05 06:00:00,89.08,300,265.6,94.7,59.6,2354.98,SYNFUEL,2754.24,SYNTHETIC TRAINING DATA — NOT REAL MARKET DATA
2026-08-06 01:00:00,72.01,50,283.0,63.7,39.4,2720.21,CHEMICAL_FEEDSTOCK,2562.8,SYNTHETIC TRAINING DATA — NOT REAL MARKET DATA
2026-08-06 22:00:00,83.7,200,186.1,80.9,24.0,2601.56,SYNFUEL,2579.92,SYNTHETIC TRAINING DATA — NOT REAL MARKET DATA
2026-08-07 16:00:00,68.37,50,57.7,44.5,74.5,2468.85,OTHER,2303.26,SYNTHETIC TRAINING DATA — NOT REAL MARKET DATA
2026-08-08 09:00:00,80.72,200,238.2,42.9,29.1,2492.74,FOOD_BEVERAGE,2520.79,SYNTHETIC TRAINING DATA — NOT REAL MARKET DATA
2026-08-09 04:00:00,91.39,100,221.0,50.2,42.7,2322.55,CONSTRUCTION,2748.41,SYNTHETIC TRAINING DATA — NOT REAL MARKET DATA
2026-08-09 21:00:00,77.13,300,262.4,70.4,59.9,2576.08,SYNFUEL,2426.3,SYNTHETIC TRAINING DATA — NOT REAL MARKET DATA
2026-08-10 13:00:00,88.21,500,67.8,71.2,62.3,2415.25,GREENHOUSE,2433.32,SYNTHETIC TRAINING DATA — NOT REAL MARKET DATA
2026-08-11 08:00:00,92.76,50,76.3,43.6,65.0,2797.39,CHEMICAL_FEEDSTOCK,2786.47,SYNTHETIC TRAINING DATA — NOT REAL MARKET DATA
2026-08-12 01:00:00,97.36,100,312.7,30.0,32.5,2488.11,SYNFUEL,2981.14,SYNTHETIC TRAINING DATA — NOT REAL MARKET DATA
2026-08-12 23:00:00,73.19,800,265.0,67.4,48.5,2491.53,CONSTRUCTION,2356.41,SYNTHETIC TRAINING DATA — NOT REAL MARKET DATA
2026-08-13 15:00:00,78.94,100,318.8,29.6,66.3,2539.51,GREENHOUSE,2461.51,SYNTHETIC TRAINING DATA — NOT REAL MARKET DATA
2026-08-14 08:00:00,70.32,300,268.0,63.4,92.7,2750.05,SYNFUEL,2433.5,SYNTHETIC TRAINING DATA — NOT REAL MARKET DATA
2026-08-15 02:00:00,99.64,150,213.0,72.0,74.6,2680.49,SYNFUEL,3056.98,SYNTHETIC TRAINING DATA — NOT REAL MARKET DATA
2026-08-15 23:00:00,97.35,100,232.4,72.5,89.2,2470.68,GREENHOUSE,2940.27,SYNTHETIC TRAINING DATA — NOT REAL MARKET DATA
2026-08-16 12:00:00,83.84,100,312.3,76.5,77.2,2631.22,SYNFUEL,2645.89,SYNTHETIC TRAINING DATA — NOT REAL MARKET DATA
2026-08-17 09:00:00,94.39,50,206.8,85.5,64.4,2551.74,SYNFUEL,2988.84,SYNTHETIC TRAINING DATA — NOT REAL MARKET DATA
2026-08-18 03:00:00,83.18,200,225.0,57.5,34.4,2495.42,CONSTRUCTION,2505.68,SYNTHETIC TRAINING DATA — NOT REAL MARKET DATA
2026-08-18 21:00:00,86.76,100,63.2,74.8,70.0,2315.39,GREENHOUSE,2550.39,SYNTHETIC TRAINING DATA — NOT REAL MARKET DATA
2026-08-19 12:00:00,68.11,150,171.1,66.4,66.8,2478.36,CONSTRUCTION,2369.39,SYNTHETIC TRAINING DATA — NOT REAL MARKET DATA
2026-08-20 11:00:00,91.36,100,253.6,34.0,65.2,2347.49,OTHER,2701.92,SYNTHETIC TRAINING DATA — NOT REAL MARKET DATA
2026-08-21 05:00:00,69.46,150,102.1,21.9,56.7,2748.91,CONSTRUCTION,2346.58,SYNTHETIC TRAINING DATA — NOT REAL MARKET DATA
2026-08-21 21:00:00,93.83,300,78.8,41.3,59.6,2401.24,SYNFUEL,2736.48,SYNTHETIC TRAINING DATA — NOT REAL MARKET DATA
2026-08-22 16:00:00,92.29,800,116.7,53.2,45.1,2771.36,OTHER,2573.39,SYNTHETIC TRAINING DATA — NOT REAL MARKET DATA
2026-08-23 11:00:00,89.74,100,92.1,66.3,58.9,2519.83,CHEMICAL_FEEDSTOCK,2657.08,SYNTHETIC TRAINING DATA — NOT REAL MARKET DATA
2026-08-24 04:00:00,66.26,300,83.1,83.7,34.8,2578.93,CHEMICAL_FEEDSTOCK,2355.81,SYNTHETIC TRAINING DATA — NOT REAL MARKET DATA
2026-08-24 18:00:00,75.58,200,154.4,34.7,80.4,2525.76,CONSTRUCTION,2258.02,SYNTHETIC TRAINING DATA — NOT REAL MARKET DATA
2026-08-25 15:00:00,74.18,150,318.7,29.4,33.9,2277.63,CHEMICAL_FEEDSTOCK,2471.21,SYNTHETIC TRAINING DATA — NOT REAL MARKET DATA
2026-08-26 09:00:00,77.57,800,182.4,92.3,26.4,2425.49,SYNFUEL,2371.95,SYNTHETIC TRAINING DATA — NOT REAL MARKET DATA
2026-08-27 02:00:00,68.06,50,73.9,28.1,52.7,2259.49,SYNFUEL,2316.02,SYNTHETIC TRAINING DATA — NOT REAL MARKET DATA
2026-08-27 22:00:00,97.7,50,36.2,55.9,69.4,2573.77,CHEMICAL_FEEDSTOCK,2904.67,SYNTHETIC TRAINING DATA — NOT REAL MARKET DATA
2026-08-28 17:00:00,84.33,300,246.7,63.9,52.8,2468.12,FOOD_BEVERAGE,2516.86,SYNTHETIC TRAINING DATA — NOT REAL MARKET DATA
2026-08-29 11:00:00,75.66,100,140.2,60.6,40.8,2666.79,CONSTRUCTION,2490.33,SYNTHETIC TRAINING DATA — NOT REAL MARKET DATA
2026-08-30 02:00:00,78.85,300,289.4,26.5,61.9,2332.28,OTHER,2315.26,SYNTHETIC TRAINING DATA — NOT REAL MARKET DATA
2026-08-30 18:00:00,80.61,300,234.2,24.3,46.0,2298.74,CHEMICAL_FEEDSTOCK,2298.66,SYNTHETIC TRAINING DATA — NOT REAL MARKET DATA
2026-08-31 17:00:00,85.96,25,280.7,27.9,90.0,2443.8,CHEMICAL_FEEDSTOCK,2595.62,SYNTHETIC TRAINING DATA — NOT REAL MARKET DATA
2026-09-01 11:00:00,83.0,300,102.5,63.9,89.2,2755.95,SYNFUEL,2461.62,SYNTHETIC TRAINING DATA — NOT REAL MARKET DATA
2026-09-02 00:00:00,97.09,100,245.4,60.8,57.7,2626.25,SYNFUEL,3002.29,SYNTHETIC TRAINING DATA — NOT REAL MARKET DATA
2026-09-02 23:00:00,82.34,150,99.8,37.5,44.6,2451.35,CHEMICAL_FEEDSTOCK,2446.27,SYNTHETIC TRAINING DATA — NOT REAL MARKET DATA
2026-09-03 17:00:00,99.63,150,329.3,67.8,75.3,2510.36,FOOD_BEVERAGE,3103.92,SYNTHETIC TRAINING DATA — NOT REAL MARKET DATA
2026-09-04 09:00:00,94.71,500,226.4,81.5,22.8,2250.53,GREENHOUSE,2744.69,SYNTHETIC TRAINING DATA — NOT REAL MARKET DATA
2026-09-05 03:00:00,72.28,25,120.3,23.1,55.6,2790.75,OTHER,2410.66,SYNTHETIC TRAINING DATA — NOT REAL MARKET DATA
2026-09-05 20:00:00,97.48,100,101.6,57.4,45.2,2599.84,SYNFUEL,3026.51,SYNTHETIC TRAINING DATA — NOT REAL MARKET DATA
2026-09-06 12:00:00,69.06,200,74.9,71.7,89.0,2371.24,GREENHOUSE,2248.89,SYNTHETIC TRAINING DATA — NOT REAL MARKET DATA
2026-09-07 08:00:00,93.53,200,246.2,38.9,20.9,2551.49,CHEMICAL_FEEDSTOCK,2870.95,SYNTHETIC TRAINING DATA — NOT REAL MARKET DATA
2026-09-08 04:00:00,78.28,200,84.4,43.1,61.5,2265.69,SYNFUEL,2326.04,SYNTHETIC TRAINING DATA — NOT REAL MARKET DATA
2026-09-08 18:00:00,95.64,50,212.4,66.0,75.5,2779.5,GREENHOUSE,2915.96,SYNTHETIC TRAINING DATA — NOT REAL MARKET DATA
2026-09-09 14:00:00,95.3,100,100.0,87.3,56.4,2304.87,CONSTRUCTION,2883.48,SYNTHETIC TRAINING DATA — NOT REAL MARKET DATA
2026-09-10 08:00:00,93.13,100,235.1,80.7,26.4,2588.82,SYNFUEL,2980.64,SYNTHETIC TRAINING DATA — NOT REAL MARKET DATA
2026-09-11 03:00:00,92.57,300,287.1,63.7,92.9,2347.27,CHEMICAL_FEEDSTOCK,2720.3,SYNTHETIC TRAINING DATA — NOT REAL MARKET DATA
2026-09-11 23:00:00,75.63,100,274.5,74.8,58.9,2630.54,CHEMICAL_FEEDSTOCK,2585.57,SYNTHETIC TRAINING DATA — NOT REAL MARKET DATA
2026-09-12 14:00:00,67.82,50,268.7,47.4,66.1,2666.09,FOOD_BEVERAGE,2502.02,SYNTHETIC TRAINING DATA — NOT REAL MARKET DATA
2026-09-13 08:00:00,79.06,800,73.8,68.1,37.7,2604.05,CONSTRUCTION,2266.23,SYNTHETIC TRAINING DATA — NOT REAL MARKET DATA
2026-09-14 04:00:00,71.06,25,40.1,55.0,56.3,2568.7,OTHER,2375.96,SYNTHETIC TRAINING DATA — NOT REAL MARKET DATA
2026-09-14 20:00:00,89.25,800,247.6,34.2,52.2,2735.48,SYNFUEL,2618.07,SYNTHETIC TRAINING DATA — NOT REAL MARKET DATA
2026-09-15 13:00:00,77.08,200,135.2,72.6,25.6,2247.18,CHEMICAL_FEEDSTOCK,2337.56,SYNTHETIC TRAINING DATA — NOT REAL MARKET DATA
2026-09-16 08:00:00,99.05,300,157.0,61.7,28.0,2398.55,CONSTRUCTION,2907.31,SYNTHETIC TRAINING DATA — NOT REAL MARKET DATA
2026-09-17 00:00:00,87.37,100,20.6,46.9,82.8,2348.97,CONSTRUCTION,2468.24,SYNTHETIC TRAINING DATA — NOT REAL MARKET DATA
2026-09-17 19:00:00,93.7,25,98.3,88.4,38.0,2792.81,CHEMICAL_FEEDSTOCK,2896.69,SYNTHETIC TRAINING DATA — NOT REAL MARKET DATA
2026-09-18 14:00:00,69.63,200,21.4,21.6,34.6,2433.63,FOOD_BEVERAGE,2256.45,SYNTHETIC TRAINING DATA — NOT REAL MARKET DATA
2026-09-19 08:00:00,95.08,300,308.9,43.7,57.9,2639.57,GREENHOUSE,2812.96,SYNTHETIC TRAINING DATA — NOT REAL MARKET DATA
2026-09-20 05:00:00,97.2,200,92.8,24.3,77.7,2610.84,GREENHOUSE,2745.27,SYNTHETIC TRAINING DATA — NOT REAL MARKET DATA
2026-09-20 20:00:00,82.0,50,199.5,77.5,24.6,2327.25,FOOD_BEVERAGE,2578.83,SYNTHETIC TRAINING DATA — NOT REAL MARKET DATA
2026-09-21 15:00:00,86.16,200,23.3,72.7,63.3,2343.4,GREENHOUSE,2485.67,SYNTHETIC TRAINING DATA — NOT REAL MARKET DATA
2026-09-22 09:00:00,91.69,200,236.7,44.9,28.9,2368.77,CONSTRUCTION,2769.52,SYNTHETIC TRAINING DATA — NOT REAL MARKET DATA
2026-09-23 00:00:00,71.1,200,119.8,70.7,22.7,2446.68,FOOD_BEVERAGE,2415.18,SYNTHETIC TRAINING DATA — NOT REAL MARKET DATA
2026-09-23 21:00:00,82.54,200,315.3,49.7,24.0,2340.6,CHEMICAL_FEEDSTOCK,2547.65,SYNTHETIC TRAINING DATA — NOT REAL MARKET DATA
2026-09-24 13:00:00,78.91,300,312.0,76.7,82.6,2211.79,CHEMICAL_FEEDSTOCK,2352.39,SYNTHETIC TRAINING DATA — NOT REAL MARKET DATA
2026-09-25 11:00:00,70.11,150,120.6,54.1,28.8,2727.64,CHEMICAL_FEEDSTOCK,2515.43,SYNTHETIC TRAINING DATA — NOT REAL MARKET DATA
2026-09-26 00:00:00,77.83,25,316.3,50.9,23.4,2779.37,CONSTRUCTION,2549.3,SYNTHETIC TRAINING DATA — NOT REAL MARKET DATA
2026-09-26 20:00:00,67.38,100,348.7,90.1,52.8,2404.94,CHEMICAL_FEEDSTOCK,2476.23,SYNTHETIC TRAINING DATA — NOT REAL MARKET DATA
2026-09-27 12:00:00,65.9,25,290.6,38.8,83.3,2403.1,OTHER,2350.36,SYNTHETIC TRAINING DATA — NOT REAL MARKET DATA
2026-09-28 11:00:00,69.72,100,297.3,29.0,39.7,2204.26,CHEMICAL_FEEDSTOCK,2440.09,SYNTHETIC TRAINING DATA — NOT REAL MARKET DATA
2026-09-29 03:00:00,98.61,100,94.7,63.8,51.6,2608.15,SYNFUEL,2977.62,SYNTHETIC TRAINING DATA — NOT REAL MARKET DATA
2026-09-29 21:00:00,84.18,25,206.1,92.7,23.0,2695.26,CONSTRUCTION,2614.35,SYNTHETIC TRAINING DATA — NOT REAL MARKET DATA
